Timestamp,TurnValue,ThrottleValue,SafetyValue,ModeValue,ForwardValue,StatusValue
2024-11-17 08:07:34,1504,0,0,0,0,0
2024-11-17 08:07:34,1504,990,0,0,0,0
2024-11-17 08:07:34,1504,990,1000,0,0,0
2024-11-17 08:07:34,1504,990,1000,0,1000,0
2024-11-17 08:07:34,1504,990,1000,0,1000,1000
2024-11-17 08:07:34,1505,990,1000,0,1000,1000
2024-11-17 08:07:34,1505,990,1000,0,1000,1000
2024-11-17 08:07:34,1505,990,1000,0,1000,1000
2024-11-17 08:07:34,1505,990,1000,0,1000,1000
2024-11-17 08:07:34,1505,990,1000,0,1000,1000
2024-11-17 08:07:35,1505,990,1000,0,1000,1000
2024-11-17 08:07:35,1505,990,1000,0,1000,1000
2024-11-17 08:07:35,1505,990,1000,0,1000,1000
2024-11-17 08:07:35,1505,990,1000,0,1000,1000
2024-11-17 08:07:35,1505,990,1000,0,1000,1000
2024-11-17 08:07:35,1505,990,1000,0,1000,1000
2024-11-17 08:07:35,1505,990,1000,0,1000,1000
2024-11-17 08:07:35,1505,990,1000,0,1000,1000
2024-11-17 08:07:35,1505,990,1000,0,1000,1000
2024-11-17 08:07:35,1505,990,1000,0,1000,1000
2024-11-17 08:07:36,1505,990,1000,0,1000,1000
2024-11-17 08:07:36,1505,990,1000,0,1000,1000
2024-11-17 08:07:36,1505,990,1000,0,1000,1000
2024-11-17 08:07:36,1505,990,1000,0,1000,1000
2024-11-17 08:07:36,1505,990,1000,0,1000,1000
2024-11-17 08:07:36,1505,990,1000,0,1000,1000
2024-11-17 08:07:36,1505,990,1000,0,1000,1000
2024-11-17 08:07:36,1505,990,1000,0,1000,1000
2024-11-17 08:07:36,1505,990,1000,0,1000,1000
2024-11-17 08:07:36,1505,990,1000,0,1000,1000
2024-11-17 08:07:37,1504,990,1000,0,1000,1000
2024-11-17 08:07:37,1504,990,1000,0,1000,1000
2024-11-17 08:07:37,1504,990,1000,0,1000,1000
2024-11-17 08:07:37,1504,990,1000,0,1000,1000
2024-11-17 08:07:37,1504,990,1000,0,1000,1000
2024-11-17 08:07:37,1504,990,1000,0,1000,1000
2024-11-17 08:07:38,1504,990,1000,0,1000,1000
2024-11-17 08:07:38,1504,990,1000,0,1000,1000
2024-11-17 08:07:38,1504,990,1000,0,1000,1000
2024-11-17 08:07:38,1504,990,1000,0,1000,1000
2024-11-17 08:07:38,1504,990,1000,0,1000,1000
2024-11-17 08:07:38,1504,990,1000,0,1000,1000
2024-11-17 08:07:38,1504,990,1000,0,1000,1000
2024-11-17 08:07:38,1504,990,1000,0,1000,1000
2024-11-17 08:07:38,1504,990,1000,0,1000,1000
2024-11-17 08:07:39,1504,990,1000,0,1000,1000
2024-11-17 08:07:39,1504,990,1000,0,1000,1000
2024-11-17 08:07:39,1504,990,1000,0,1000,1000
2024-11-17 08:07:39,1504,990,1000,0,1000,1000
2024-11-17 08:07:39,1504,990,1000,0,1000,1000
2024-11-17 08:07:39,1504,990,1000,0,1000,1000
2024-11-17 08:07:39,1504,990,1000,0,1000,1000
2024-11-17 08:07:39,1504,990,1000,0,1000,1000
2024-11-17 08:07:39,1504,990,1000,0,1000,1000
2024-11-17 08:07:39,1504,990,1000,0,1000,1000
2024-11-17 08:07:40,1505,990,1000,0,1000,1000
2024-11-17 08:07:40,1505,990,1000,0,1000,1000
2024-11-17 08:07:40,1505,990,1000,0,1000,1000
2024-11-17 08:07:40,1505,990,1000,0,1000,1000
2024-11-17 08:07:40,1505,990,1000,0,1000,1000
2024-11-17 08:07:40,1504,990,1000,0,1000,1000
2024-11-17 08:07:40,1504,990,1000,0,1000,1000
2024-11-17 08:07:40,1504,990,1000,0,1000,1000
2024-11-17 08:07:40,1504,990,1000,0,1000,1000
2024-11-17 08:07:40,1504,990,1000,0,1000,1000
2024-11-17 08:07:41,1504,990,1000,0,1000,1000
2024-11-17 08:07:41,1504,990,1000,0,1000,1000
2024-11-17 08:07:41,1504,990,1000,0,1000,1000
2024-11-17 08:07:41,1504,990,1000,0,1000,1000
2024-11-17 08:07:41,1504,990,1000,0,1000,1000
2024-11-17 08:07:41,1504,990,1000,0,1000,1000
2024-11-17 08:07:41,1504,990,1000,0,1000,1000
2024-11-17 08:07:41,1504,990,1000,0,1000,1000
2024-11-17 08:07:41,1504,990,1000,0,1000,1000
2024-11-17 08:07:41,1504,990,1000,0,1000,1000
2024-11-17 08:07:42,1504,990,1000,0,1000,1000
2024-11-17 08:07:42,1504,990,1000,0,1000,1000
2024-11-17 08:07:42,1504,990,2000,0,1000,1000
2024-11-17 08:07:42,1504,990,2000,0,1000,1000
2024-11-17 08:07:42,1504,990,2000,0,1000,1000
2024-11-17 08:07:42,1504,990,2000,0,1000,1000
2024-11-17 08:07:42,1504,990,2000,0,1000,1000
2024-11-17 08:07:42,1504,990,2000,0,1000,1000
2024-11-17 08:07:42,1504,990,2000,0,1000,1000
2024-11-17 08:07:42,1504,990,2000,0,1000,1000
2024-11-17 08:07:43,1504,990,2000,0,1000,1000
2024-11-17 08:07:43,1504,1059,2000,0,1000,1000
2024-11-17 08:07:43,1504,1059,2000,0,1000,1000
2024-11-17 08:07:43,1504,1059,2000,0,1000,1000
2024-11-17 08:07:43,1504,1059,2000,0,1000,1000
2024-11-17 08:07:43,1504,1059,2000,0,1000,1000
2024-11-17 08:07:43,1504,1161,2000,0,1000,1000
2024-11-17 08:07:43,1504,1161,2000,0,1000,1000
2024-11-17 08:07:43,1504,1161,2000,0,1000,1000
2024-11-17 08:07:43,1504,1161,2000,0,1000,1000
2024-11-17 08:07:44,1504,1161,2000,0,1000,1000
2024-11-17 08:07:44,1504,1354,2000,0,1000,1000
2024-11-17 08:07:44,1504,1354,2000,0,1000,1000
2024-11-17 08:07:44,1504,1354,2000,0,1000,1000
2024-11-17 08:07:44,1504,1354,2000,0,1000,1000
2024-11-17 08:07:44,1504,1354,2000,0,1000,1000
2024-11-17 08:07:44,1504,1425,2000,0,1000,1000
2024-11-17 08:07:44,1504,1425,2000,0,1000,1000
2024-11-17 08:07:44,1504,1425,2000,0,1000,1000
2024-11-17 08:07:44,1504,1425,2000,0,1000,1000
2024-11-17 08:07:45,1505,1425,2000,0,1000,1000
2024-11-17 08:07:45,1505,1469,2000,0,1000,1000
2024-11-17 08:07:45,1505,1469,2000,0,1000,1000
2024-11-17 08:07:45,1505,1469,2000,0,1000,1000
2024-11-17 08:07:45,1505,1469,2000,0,1000,1000
2024-11-17 08:07:45,1511,1469,2000,0,1000,1000
2024-11-17 08:07:45,1511,1467,2000,0,1000,1000
2024-11-17 08:07:45,1511,1467,2000,0,1000,1000
2024-11-17 08:07:45,1511,1467,2000,0,1000,1000
2024-11-17 08:07:45,1511,1467,2000,0,1000,1000
2024-11-17 08:07:46,1504,1467,2000,0,1000,1000
2024-11-17 08:07:46,1504,1467,2000,0,1000,1000
2024-11-17 08:07:46,1504,1467,2000,0,1000,1000
2024-11-17 08:07:46,1504,1467,2000,0,1000,1000
2024-11-17 08:07:46,1504,1467,2000,0,1000,1000
2024-11-17 08:07:46,1540,1467,2000,0,1000,1000
2024-11-17 08:07:46,1540,1466,2000,0,1000,1000
2024-11-17 08:07:46,1540,1466,2000,0,1000,1000
2024-11-17 08:07:46,1540,1466,2000,0,1000,1000
2024-11-17 08:07:46,1540,1466,2000,0,1000,1000
2024-11-17 08:07:47,1504,1466,2000,0,1000,1000
2024-11-17 08:07:47,1504,1466,2000,0,1000,1000
2024-11-17 08:07:47,1504,1466,2000,0,1000,1000
2024-11-17 08:07:47,1504,1466,2000,0,1000,1000
2024-11-17 08:07:47,1504,1466,2000,0,1000,1000
2024-11-17 08:07:47,1504,1466,2000,0,1000,1000
2024-11-17 08:07:47,1504,1464,2000,0,1000,1000
2024-11-17 08:07:47,1504,1464,2000,0,1000,1000
2024-11-17 08:07:47,1504,1464,2000,0,1000,1000
2024-11-17 08:07:47,1504,1464,2000,0,1000,1000
2024-11-17 08:07:48,1504,1464,2000,0,1000,1000
2024-11-17 08:07:48,1504,990,2000,0,1000,1000
2024-11-17 08:07:48,1504,990,2000,0,1000,1000
2024-11-17 08:07:48,1504,990,2000,0,1000,1000
2024-11-17 08:07:48,1504,990,2000,0,1000,1000
2024-11-17 08:07:48,1504,990,2000,0,1000,1000
2024-11-17 08:07:48,1504,990,2000,0,1000,1000
2024-11-17 08:07:48,1504,990,2000,0,1000,1000
2024-11-17 08:07:48,1504,990,2000,0,1000,1000
2024-11-17 08:07:48,1504,990,2000,0,1000,1000
2024-11-17 08:07:49,1504,990,2000,0,1000,1000
2024-11-17 08:07:49,1504,990,2000,0,1000,1000
2024-11-17 08:07:49,1504,990,2000,0,1000,1000
2024-11-17 08:07:49,1504,990,2000,0,1000,1000
2024-11-17 08:07:49,1504,990,2000,0,1000,1000
2024-11-17 08:07:49,1504,990,2000,0,1000,1000
2024-11-17 08:07:49,1504,990,2000,0,1000,1000
2024-11-17 08:07:49,1504,990,2000,0,1000,1000
2024-11-17 08:07:49,1504,990,2000,0,1000,1000
2024-11-17 08:07:49,1504,990,2000,0,1000,1000
2024-11-17 08:07:50,1504,990,2000,0,1000,1000
2024-11-17 08:07:50,1504,990,2000,0,1000,1000
2024-11-17 08:07:50,1504,990,2000,0,1000,1000
2024-11-17 08:07:50,1504,990,2000,0,1000,1000
2024-11-17 08:07:50,1504,990,2000,0,1000,1000
2024-11-17 08:07:50,1504,990,2000,0,1000,1000
2024-11-17 08:07:50,1504,990,2000,0,1000,1000
2024-11-17 08:07:50,1504,990,2000,0,1000,1000
2024-11-17 08:07:50,1504,990,2000,0,1000,1000
2024-11-17 08:07:50,1504,990,2000,0,1000,1000
2024-11-17 08:07:51,1504,990,2000,0,1000,1000
2024-11-17 08:07:51,1504,990,2000,0,1000,1000
2024-11-17 08:07:51,1504,990,2000,0,1000,1000
2024-11-17 08:07:51,1504,990,2000,0,2000,1000
2024-11-17 08:07:51,1504,990,2000,0,2000,1000
2024-11-17 08:07:51,1505,990,2000,0,2000,1000
2024-11-17 08:07:51,1505,990,2000,0,2000,1000
2024-11-17 08:07:51,1505,990,2000,0,2000,1000
2024-11-17 08:07:51,1505,990,2000,0,2000,1000
2024-11-17 08:07:51,1505,990,2000,0,2000,1000
2024-11-17 08:07:52,1505,990,2000,0,2000,1000
2024-11-17 08:07:52,1505,990,2000,0,2000,1000
2024-11-17 08:07:52,1505,990,2000,0,2000,1000
2024-11-17 08:07:52,1505,990,2000,0,2000,1000
2024-11-17 08:07:52,1505,990,2000,0,2000,1000
2024-11-17 08:07:52,1505,990,2000,0,2000,1000
2024-11-17 08:07:52,1505,1097,2000,0,2000,1000
2024-11-17 08:07:52,1505,1097,2000,0,2000,1000
2024-11-17 08:07:52,1505,1097,2000,0,2000,1000
2024-11-17 08:07:52,1505,1097,2000,0,2000,1000
2024-11-17 08:07:53,1504,1097,2000,0,2000,1000
2024-11-17 08:07:53,1504,1217,2000,0,2000,1000
2024-11-17 08:07:53,1504,1217,2000,0,2000,1000
2024-11-17 08:07:53,1504,1217,2000,0,2000,1000
2024-11-17 08:07:53,1504,1217,2000,0,2000,1000
2024-11-17 08:07:53,1505,1217,2000,0,2000,1000
2024-11-17 08:07:53,1505,1230,2000,0,2000,1000
2024-11-17 08:07:53,1505,1230,2000,0,2000,1000
2024-11-17 08:07:53,1505,1230,2000,0,2000,1000
2024-11-17 08:07:53,1505,1230,2000,0,2000,1000
2024-11-17 08:07:54,1505,1230,2000,0,2000,1000
2024-11-17 08:07:54,1505,1243,2000,0,2000,1000
2024-11-17 08:07:54,1505,1243,2000,0,2000,1000
2024-11-17 08:07:54,1505,1243,2000,0,2000,1000
2024-11-17 08:07:54,1505,1243,2000,0,2000,1000
2024-11-17 08:07:54,1504,1243,2000,0,2000,1000
2024-11-17 08:07:54,1504,1291,2000,0,2000,1000
2024-11-17 08:07:54,1504,1291,2000,0,2000,1000
2024-11-17 08:07:54,1504,1291,2000,0,2000,1000
2024-11-17 08:07:54,1504,1291,2000,0,2000,1000
2024-11-17 08:07:55,1505,1291,2000,0,2000,1000
2024-11-17 08:07:55,1505,1305,2000,0,2000,1000
2024-11-17 08:07:55,1505,1305,2000,0,2000,1000
2024-11-17 08:07:55,1505,1305,2000,0,2000,1000
2024-11-17 08:07:55,1505,1305,2000,0,2000,1000
2024-11-17 08:07:55,1505,1305,2000,0,2000,1000
2024-11-17 08:07:55,1505,1305,2000,0,2000,1000
2024-11-17 08:07:55,1505,1305,2000,0,2000,1000
2024-11-17 08:07:55,1505,1305,2000,0,2000,1000
2024-11-17 08:07:55,1505,1305,2000,0,2000,1000
2024-11-17 08:07:56,1505,1305,2000,0,2000,1000
2024-11-17 08:07:56,1505,1305,2000,0,2000,1000
2024-11-17 08:07:56,1505,1305,2000,0,2000,1000
2024-11-17 08:07:56,1505,1305,2000,0,2000,1000
2024-11-17 08:07:56,1505,1305,2000,0,2000,1000
2024-11-17 08:07:56,1505,1305,2000,0,2000,1000
2024-11-17 08:07:56,1505,1272,2000,0,2000,1000
2024-11-17 08:07:56,1505,1272,2000,0,2000,1000
2024-11-17 08:07:56,1505,1272,2000,0,2000,1000
2024-11-17 08:07:56,1505,1272,2000,0,2000,1000
2024-11-17 08:07:57,1504,1272,2000,0,2000,1000
2024-11-17 08:07:57,1504,1263,2000,0,2000,1000
2024-11-17 08:07:57,1504,1263,2000,0,2000,1000
2024-11-17 08:07:57,1504,1263,2000,0,2000,1000
2024-11-17 08:07:57,1504,1263,2000,0,2000,1000
2024-11-17 08:07:57,1504,1263,2000,0,2000,1000
2024-11-17 08:07:57,1504,1261,2000,0,2000,1000
2024-11-17 08:07:57,1504,1261,2000,0,2000,1000
2024-11-17 08:07:57,1504,1261,2000,0,2000,1000
2024-11-17 08:07:57,1504,1261,2000,0,2000,1000
2024-11-17 08:07:58,1505,1261,2000,0,2000,1000
2024-11-17 08:07:58,1505,1261,2000,0,2000,1000
2024-11-17 08:07:58,1505,1261,2000,0,2000,1000
2024-11-17 08:07:58,1505,1261,2000,0,2000,1000
2024-11-17 08:07:58,1505,1261,2000,0,2000,1000
2024-11-17 08:07:58,1504,1261,2000,0,2000,1000
2024-11-17 08:07:58,1504,1261,2000,0,2000,1000
2024-11-17 08:07:58,1504,1261,2000,0,2000,1000
2024-11-17 08:07:58,1504,1261,2000,0,2000,1000
2024-11-17 08:07:58,1504,1261,2000,0,2000,1000
2024-11-17 08:07:59,1505,1261,2000,0,2000,1000
2024-11-17 08:07:59,1505,1261,2000,0,2000,1000
2024-11-17 08:07:59,1505,1261,2000,0,2000,1000
2024-11-17 08:07:59,1505,1261,2000,0,2000,1000
2024-11-17 08:07:59,1505,1261,2000,0,2000,1000
2024-11-17 08:07:59,1507,1261,2000,0,2000,1000
2024-11-17 08:07:59,1507,1261,2000,0,2000,1000
2024-11-17 08:07:59,1507,1261,2000,0,2000,1000
2024-11-17 08:07:59,1507,1261,2000,0,2000,1000
2024-11-17 08:07:59,1507,1261,2000,0,2000,1000
2024-11-17 08:08:00,1507,1261,2000,0,2000,1000
2024-11-17 08:08:00,1507,1261,2000,0,2000,1000
2024-11-17 08:08:00,1507,1261,2000,0,2000,1000
2024-11-17 08:08:00,1507,1261,2000,0,2000,1000
2024-11-17 08:08:00,1507,1261,2000,0,2000,1000
2024-11-17 08:08:00,1506,1261,2000,0,2000,1000
2024-11-17 08:08:00,1506,1261,2000,0,2000,1000
2024-11-17 08:08:00,1506,1261,2000,0,2000,1000
2024-11-17 08:08:00,1506,1261,2000,0,2000,1000
2024-11-17 08:08:00,1506,1261,2000,0,2000,1000
2024-11-17 08:08:01,1507,1261,2000,0,2000,1000
2024-11-17 08:08:01,1507,1261,2000,0,2000,1000
2024-11-17 08:08:01,1507,1261,2000,0,2000,1000
2024-11-17 08:08:01,1507,1261,2000,0,2000,1000
2024-11-17 08:08:01,1507,1261,2000,0,2000,1000
2024-11-17 08:08:01,1507,1261,2000,0,2000,1000
2024-11-17 08:08:01,1507,1261,2000,0,2000,1000
2024-11-17 08:08:01,1507,1261,2000,0,2000,1000
2024-11-17 08:08:01,1507,1261,2000,0,2000,1000
2024-11-17 08:08:01,1507,1261,2000,0,2000,1000
2024-11-17 08:08:02,1507,1261,2000,0,2000,1000
2024-11-17 08:08:02,1507,1261,2000,0,2000,1000
2024-11-17 08:08:02,1507,1261,2000,0,2000,1000
2024-11-17 08:08:02,1507,1261,2000,0,2000,1000
2024-11-17 08:08:02,1507,1261,2000,0,2000,1000
2024-11-17 08:08:02,1506,1261,2000,0,2000,1000
2024-11-17 08:08:02,1506,1261,2000,0,2000,1000
2024-11-17 08:08:02,1506,1261,2000,0,2000,1000
2024-11-17 08:08:02,1506,1261,2000,0,2000,1000
2024-11-17 08:08:02,1506,1261,2000,0,2000,1000
2024-11-17 08:08:03,1506,1261,2000,0,2000,1000
2024-11-17 08:08:03,1506,1261,2000,0,2000,1000
2024-11-17 08:08:03,1506,1261,2000,0,2000,1000
2024-11-17 08:08:03,1506,1261,2000,0,2000,1000
2024-11-17 08:08:03,1506,1261,2000,0,2000,1000
2024-11-17 08:08:03,1507,1261,2000,0,2000,1000
2024-11-17 08:08:03,1507,1261,2000,0,2000,1000
2024-11-17 08:08:03,1507,1261,2000,0,2000,1000
2024-11-17 08:08:03,1507,1261,2000,0,2000,1000
2024-11-17 08:08:03,1507,1261,2000,0,2000,1000
2024-11-17 08:08:04,1506,1261,2000,0,2000,1000
2024-11-17 08:08:04,1506,1262,2000,0,2000,1000
2024-11-17 08:08:04,1506,1262,2000,0,2000,1000
2024-11-17 08:08:04,1506,1262,2000,0,2000,1000
2024-11-17 08:08:04,1506,1262,2000,0,2000,1000
2024-11-17 08:08:04,1507,1262,2000,0,2000,1000
2024-11-17 08:08:04,1507,1261,2000,0,2000,1000
2024-11-17 08:08:04,1507,1261,2000,0,2000,1000
2024-11-17 08:08:04,1507,1261,2000,0,2000,1000
2024-11-17 08:08:04,1507,1261,2000,0,2000,1000
2024-11-17 08:08:05,1506,1261,2000,0,2000,1000
2024-11-17 08:08:05,1506,1261,2000,0,2000,1000
2024-11-17 08:08:05,1506,1261,2000,0,2000,1000
2024-11-17 08:08:05,1506,1261,2000,0,2000,1000
2024-11-17 08:08:05,1506,1261,2000,0,2000,1000
2024-11-17 08:08:05,1507,1261,2000,0,2000,1000
2024-11-17 08:08:05,1507,1261,2000,0,2000,1000
2024-11-17 08:08:05,1507,1261,2000,0,2000,1000
2024-11-17 08:08:05,1507,1261,2000,0,2000,1000
2024-11-17 08:08:05,1507,1261,2000,0,2000,1000
2024-11-17 08:08:06,1506,1261,2000,0,2000,1000
2024-11-17 08:08:06,1506,1261,2000,0,2000,1000
2024-11-17 08:08:06,1506,1261,2000,0,2000,1000
2024-11-17 08:08:06,1506,1261,2000,0,2000,1000
2024-11-17 08:08:06,1506,1261,2000,0,2000,1000
2024-11-17 08:08:06,1506,1261,2000,0,2000,1000
2024-11-17 08:08:06,1506,1261,2000,0,2000,1000
2024-11-17 08:08:06,1506,1261,2000,0,2000,1000
2024-11-17 08:08:06,1506,1261,2000,0,2000,1000
2024-11-17 08:08:06,1506,1261,2000,0,2000,1000
2024-11-17 08:08:07,1507,1261,2000,0,2000,1000
2024-11-17 08:08:07,1507,1261,2000,0,2000,1000
2024-11-17 08:08:07,1507,1261,2000,0,2000,1000
2024-11-17 08:08:07,1507,1261,2000,0,2000,1000
2024-11-17 08:08:07,1507,1261,2000,0,2000,1000
2024-11-17 08:08:07,1507,1261,2000,0,2000,1000
2024-11-17 08:08:07,1507,1261,2000,0,2000,1000
2024-11-17 08:08:07,1507,1261,2000,0,2000,1000
2024-11-17 08:08:07,1507,1261,2000,0,2000,1000
2024-11-17 08:08:07,1507,1261,2000,0,2000,1000
2024-11-17 08:08:08,1507,1261,2000,0,2000,1000
2024-11-17 08:08:08,1507,990,2000,0,2000,1000
2024-11-17 08:08:08,1507,990,2000,0,2000,1000
2024-11-17 08:08:08,1507,990,2000,0,2000,1000
2024-11-17 08:08:08,1507,990,2000,0,2000,1000
2024-11-17 08:08:08,1507,990,2000,0,2000,1000
2024-11-17 08:08:08,1507,990,2000,0,2000,1000
2024-11-17 08:08:08,1507,990,2000,0,2000,1000
2024-11-17 08:08:08,1507,990,2000,0,2000,1000
2024-11-17 08:08:08,1507,990,2000,0,2000,1000
2024-11-17 08:08:09,1507,990,2000,0,2000,1000
2024-11-17 08:08:09,1507,990,2000,0,2000,1000
2024-11-17 08:08:09,1507,990,2000,0,2000,1000
2024-11-17 08:08:09,1507,990,2000,0,1000,1000
2024-11-17 08:08:09,1507,990,2000,0,1000,1000
2024-11-17 08:08:09,1507,990,2000,0,1000,1000
2024-11-17 08:08:09,1507,1036,2000,0,1000,1000
2024-11-17 08:08:09,1507,1036,2000,0,1000,1000
2024-11-17 08:08:09,1507,1036,2000,0,1000,1000
2024-11-17 08:08:09,1507,1036,2000,0,1000,1000
2024-11-17 08:08:10,1506,1036,2000,0,1000,1000
2024-11-17 08:08:10,1506,1323,2000,0,1000,1000
2024-11-17 08:08:10,1506,1323,2000,0,1000,1000
2024-11-17 08:08:10,1506,1323,2000,0,1000,1000
2024-11-17 08:08:10,1506,1323,2000,0,1000,1000
2024-11-17 08:08:10,1507,1323,2000,0,1000,1000
2024-11-17 08:08:10,1507,1476,2000,0,1000,1000
2024-11-17 08:08:10,1507,1476,2000,0,1000,1000
2024-11-17 08:08:10,1507,1476,2000,0,1000,1000
2024-11-17 08:08:10,1507,1476,2000,0,1000,1000
2024-11-17 08:08:11,1507,1476,2000,0,1000,1000
2024-11-17 08:08:11,1507,1534,2000,0,1000,1000
2024-11-17 08:08:11,1507,1534,2000,0,1000,1000
2024-11-17 08:08:11,1507,1534,2000,0,1000,1000
2024-11-17 08:08:11,1507,1534,2000,0,1000,1000
2024-11-17 08:08:11,1507,1534,2000,0,1000,1000
2024-11-17 08:08:11,1507,1537,2000,0,1000,1000
2024-11-17 08:08:11,1507,1537,2000,0,1000,1000
2024-11-17 08:08:11,1507,1537,2000,0,1000,1000
2024-11-17 08:08:11,1507,1537,2000,0,1000,1000
2024-11-17 08:08:12,1504,1537,2000,0,1000,1000
2024-11-17 08:08:12,1504,1545,2000,0,1000,1000
2024-11-17 08:08:12,1504,1545,2000,0,1000,1000
2024-11-17 08:08:12,1504,1545,2000,0,1000,1000
2024-11-17 08:08:12,1504,1545,2000,0,1000,1000
2024-11-17 08:08:12,1508,1545,2000,0,1000,1000
2024-11-17 08:08:12,1508,1676,2000,0,1000,1000
2024-11-17 08:08:12,1508,1676,2000,0,1000,1000
2024-11-17 08:08:12,1508,1676,2000,0,1000,1000
2024-11-17 08:08:12,1508,1676,2000,0,1000,1000
2024-11-17 08:08:13,1507,1676,2000,0,1000,1000
2024-11-17 08:08:13,1507,1740,2000,0,1000,1000
2024-11-17 08:08:13,1507,1740,2000,0,1000,1000
2024-11-17 08:08:13,1507,1740,2000,0,1000,1000
2024-11-17 08:08:13,1507,1740,2000,0,1000,1000
2024-11-17 08:08:13,1505,1740,2000,0,1000,1000
2024-11-17 08:08:13,1505,1739,2000,0,1000,1000
2024-11-17 08:08:13,1505,1739,2000,0,1000,1000
2024-11-17 08:08:13,1505,1739,2000,0,1000,1000
2024-11-17 08:08:13,1505,1739,2000,0,1000,1000
2024-11-17 08:08:14,1507,1739,2000,0,1000,1000
2024-11-17 08:08:14,1507,1738,2000,0,1000,1000
2024-11-17 08:08:14,1507,1738,2000,0,1000,1000
2024-11-17 08:08:14,1507,1738,2000,0,1000,1000
2024-11-17 08:08:14,1507,1738,2000,0,1000,1000
2024-11-17 08:08:14,1507,1738,2000,0,1000,1000
2024-11-17 08:08:14,1507,1738,2000,0,1000,1000
2024-11-17 08:08:14,1507,1738,2000,0,1000,1000
2024-11-17 08:08:14,1507,1738,2000,0,1000,1000
2024-11-17 08:08:14,1507,1738,2000,0,1000,1000
2024-11-17 08:08:15,1515,1738,2000,0,1000,1000
2024-11-17 08:08:15,1515,1736,2000,0,1000,1000
2024-11-17 08:08:15,1515,1736,2000,0,1000,1000
2024-11-17 08:08:15,1515,1736,2000,0,1000,1000
2024-11-17 08:08:15,1515,1736,2000,0,1000,1000
2024-11-17 08:08:15,1506,1736,2000,0,1000,1000
2024-11-17 08:08:15,1506,1602,2000,0,1000,1000
2024-11-17 08:08:15,1506,1602,2000,0,1000,1000
2024-11-17 08:08:15,1506,1602,2000,0,1000,1000
2024-11-17 08:08:15,1506,1602,2000,0,1000,1000
2024-11-17 08:08:16,1507,1602,2000,0,1000,1000
2024-11-17 08:08:16,1507,990,2000,0,1000,1000
2024-11-17 08:08:16,1507,990,2000,0,1000,1000
2024-11-17 08:08:16,1507,990,2000,0,1000,1000
2024-11-17 08:08:16,1507,990,2000,0,1000,1000
2024-11-17 08:08:16,1507,990,2000,0,1000,1000
2024-11-17 08:08:16,1507,990,2000,0,1000,1000
2024-11-17 08:08:16,1507,990,2000,0,1000,1000
2024-11-17 08:08:16,1507,990,2000,0,1000,1000
2024-11-17 08:08:16,1507,990,2000,0,1000,1000
2024-11-17 08:08:17,1507,990,2000,0,1000,1000
2024-11-17 08:08:17,1507,990,2000,0,1000,1000
2024-11-17 08:08:17,1507,990,2000,0,1000,1000
2024-11-17 08:08:17,1507,990,2000,0,1000,1000
2024-11-17 08:08:17,1507,990,2000,0,1000,1000
2024-11-17 08:08:17,1507,990,2000,0,1000,1000
2024-11-17 08:08:17,1507,990,2000,0,1000,1000
2024-11-17 08:08:17,1507,990,2000,0,1000,1000
2024-11-17 08:08:17,1507,990,2000,0,1503,1000
2024-11-17 08:08:17,1507,990,2000,0,1503,1000
2024-11-17 08:08:18,1507,990,2000,0,1503,1000
2024-11-17 08:08:18,1507,990,2000,0,1503,1000
2024-11-17 08:08:18,1507,990,2000,0,1503,1000
2024-11-17 08:08:18,1507,990,2000,0,2000,1000
2024-11-17 08:08:18,1507,990,2000,0,2000,1000
2024-11-17 08:08:18,1507,990,2000,0,2000,1000
2024-11-17 08:08:18,1507,990,2000,0,2000,1000
2024-11-17 08:08:18,1507,990,2000,0,2000,1000
2024-11-17 08:08:18,1507,990,2000,0,2000,1000
2024-11-17 08:08:18,1507,990,2000,0,2000,1000
2024-11-17 08:08:19,1507,990,2000,0,2000,1000
2024-11-17 08:08:19,1507,990,2000,0,2000,1000
2024-11-17 08:08:19,1507,990,2000,0,2000,1000
2024-11-17 08:08:19,1507,990,2000,0,2000,1000
2024-11-17 08:08:19,1507,990,2000,0,2000,1000
2024-11-17 08:08:19,1507,990,2000,0,2000,1000
2024-11-17 08:08:19,1507,990,2000,0,2000,1000
2024-11-17 08:08:19,1507,990,2000,0,2000,1000
2024-11-17 08:08:19,1507,990,2000,0,2000,1000
2024-11-17 08:08:19,1507,990,2000,0,2000,1000
2024-11-17 08:08:20,1507,990,2000,0,2000,1000
2024-11-17 08:08:20,1507,1033,2000,0,2000,1000
2024-11-17 08:08:20,1507,1033,2000,0,2000,1000
2024-11-17 08:08:20,1507,1033,2000,0,2000,1000
2024-11-17 08:08:20,1507,1033,2000,0,2000,2000
2024-11-17 08:08:20,1507,1033,2000,0,2000,2000
2024-11-17 08:08:20,1507,1299,2000,0,2000,2000
2024-11-17 08:08:20,1507,1299,2000,0,2000,2000
2024-11-17 08:08:20,1507,1299,2000,0,2000,2000
2024-11-17 08:08:20,1507,1299,2000,0,2000,2000
2024-11-17 08:08:21,1507,1299,2000,0,2000,2000
2024-11-17 08:08:21,1507,1236,2000,0,2000,2000
2024-11-17 08:08:21,1507,1236,2000,0,2000,2000
2024-11-17 08:08:21,1507,1236,2000,0,2000,2000
2024-11-17 08:08:21,1507,1236,2000,0,2000,2000
2024-11-17 08:08:21,1507,1236,2000,0,2000,2000
2024-11-17 08:08:21,1507,1230,2000,0,2000,2000
2024-11-17 08:08:21,1507,1230,2000,0,2000,2000
2024-11-17 08:08:21,1507,1230,2000,0,2000,2000
2024-11-17 08:08:21,1507,1230,2000,0,2000,2000
2024-11-17 08:08:22,1507,1230,2000,0,2000,2000
2024-11-17 08:08:22,1507,1228,2000,0,2000,2000
2024-11-17 08:08:22,1507,1228,2000,0,2000,2000
2024-11-17 08:08:22,1507,1228,2000,0,2000,2000
2024-11-17 08:08:22,1507,1228,2000,0,2000,2000
2024-11-17 08:08:22,1507,1228,2000,0,2000,2000
2024-11-17 08:08:22,1507,1228,2000,0,2000,2000
2024-11-17 08:08:22,1507,1228,2000,0,2000,2000
2024-11-17 08:08:22,1507,1228,2000,0,2000,2000
2024-11-17 08:08:22,1507,1228,2000,0,2000,2000
2024-11-17 08:08:23,1506,1228,2000,0,2000,2000
2024-11-17 08:08:23,1506,1228,2000,0,2000,2000
2024-11-17 08:08:23,1506,1228,2000,0,2000,2000
2024-11-17 08:08:23,1506,1228,2000,0,2000,2000
2024-11-17 08:08:23,1506,1228,2000,0,2000,2000
2024-11-17 08:08:23,1507,1228,2000,0,2000,2000
2024-11-17 08:08:23,1507,1228,2000,0,2000,2000
2024-11-17 08:08:23,1507,1228,2000,0,2000,2000
2024-11-17 08:08:23,1507,1228,2000,0,2000,2000
2024-11-17 08:08:23,1507,1228,2000,0,2000,2000
2024-11-17 08:08:24,1507,1228,2000,0,2000,2000
2024-11-17 08:08:24,1507,1229,2000,0,2000,2000
2024-11-17 08:08:24,1507,1229,2000,0,2000,2000
2024-11-17 08:08:24,1507,1229,2000,0,2000,2000
2024-11-17 08:08:24,1507,1229,2000,0,2000,2000
2024-11-17 08:08:24,1506,1229,2000,0,2000,2000
2024-11-17 08:08:24,1506,1228,2000,0,2000,2000
2024-11-17 08:08:24,1506,1228,2000,0,2000,2000
2024-11-17 08:08:24,1506,1228,2000,0,2000,2000
2024-11-17 08:08:24,1506,1228,2000,0,2000,2000
2024-11-17 08:08:25,1507,1228,2000,0,2000,2000
2024-11-17 08:08:25,1507,1228,2000,0,2000,2000
2024-11-17 08:08:25,1507,1228,2000,0,2000,2000
2024-11-17 08:08:25,1507,1228,2000,0,2000,2000
2024-11-17 08:08:25,1507,1228,2000,0,2000,2000
2024-11-17 08:08:25,1507,1228,2000,0,2000,2000
2024-11-17 08:08:25,1507,1228,2000,0,2000,2000
2024-11-17 08:08:25,1507,1228,2000,0,2000,2000
2024-11-17 08:08:25,1507,1228,2000,0,2000,2000
2024-11-17 08:08:25,1507,1228,2000,0,2000,2000
2024-11-17 08:08:26,1507,1228,2000,0,2000,2000
2024-11-17 08:08:26,1507,1228,2000,0,2000,2000
2024-11-17 08:08:26,1507,1228,2000,0,2000,2000
2024-11-17 08:08:26,1507,1228,2000,0,2000,2000
2024-11-17 08:08:26,1507,1228,2000,0,2000,2000
2024-11-17 08:08:26,1507,1228,2000,0,2000,2000
2024-11-17 08:08:26,1507,1228,2000,0,2000,2000
2024-11-17 08:08:26,1507,1228,2000,0,2000,2000
2024-11-17 08:08:26,1507,1228,2000,0,2000,2000
2024-11-17 08:08:26,1507,1228,2000,0,2000,2000
2024-11-17 08:08:27,1507,1228,2000,0,2000,2000
2024-11-17 08:08:27,1507,1228,2000,0,2000,2000
2024-11-17 08:08:27,1507,1228,2000,0,2000,2000
2024-11-17 08:08:27,1507,1228,2000,0,2000,2000
2024-11-17 08:08:27,1507,1228,2000,0,2000,2000
2024-11-17 08:08:27,1506,1228,2000,0,2000,2000
2024-11-17 08:08:27,1506,1228,2000,0,2000,2000
2024-11-17 08:08:27,1506,1228,2000,0,2000,2000
2024-11-17 08:08:27,1506,1228,2000,0,2000,2000
2024-11-17 08:08:27,1506,1228,2000,0,2000,2000
2024-11-17 08:08:28,1507,1228,2000,0,2000,2000
2024-11-17 08:08:28,1507,1228,2000,0,2000,2000
2024-11-17 08:08:28,1507,1228,2000,0,2000,2000
2024-11-17 08:08:28,1507,1228,2000,0,2000,2000
2024-11-17 08:08:28,1507,1228,2000,0,2000,2000
2024-11-17 08:08:28,1507,1228,2000,0,2000,2000
2024-11-17 08:08:28,1507,1228,2000,0,2000,2000
2024-11-17 08:08:28,1507,1228,2000,0,2000,2000
2024-11-17 08:08:28,1507,1228,2000,0,2000,2000
2024-11-17 08:08:28,1507,1228,2000,0,2000,2000
2024-11-17 08:08:29,1507,1228,2000,0,2000,2000
2024-11-17 08:08:29,1507,1228,2000,0,2000,2000
2024-11-17 08:08:29,1507,1228,2000,0,2000,2000
2024-11-17 08:08:29,1507,1228,2000,0,2000,2000
2024-11-17 08:08:29,1507,1228,2000,0,2000,2000
2024-11-17 08:08:29,1507,1228,2000,0,2000,2000
2024-11-17 08:08:29,1507,1228,2000,0,2000,2000
2024-11-17 08:08:29,1507,1228,2000,0,2000,2000
2024-11-17 08:08:29,1507,1228,2000,0,2000,2000
2024-11-17 08:08:29,1507,1228,2000,0,2000,2000
2024-11-17 08:08:30,1507,1228,2000,0,2000,2000
2024-11-17 08:08:30,1507,1228,2000,0,2000,2000
2024-11-17 08:08:30,1507,1228,2000,0,2000,2000
2024-11-17 08:08:30,1507,1228,2000,0,2000,2000
2024-11-17 08:08:30,1507,1228,2000,0,2000,2000
2024-11-17 08:08:30,1507,1228,2000,0,2000,2000
2024-11-17 08:08:30,1507,1228,2000,0,2000,2000
2024-11-17 08:08:30,1507,1228,2000,0,2000,2000
2024-11-17 08:08:30,1507,1228,2000,0,2000,2000
2024-11-17 08:08:30,1507,1228,2000,0,2000,2000
2024-11-17 08:08:31,1507,1228,2000,0,2000,2000
2024-11-17 08:08:31,1507,1228,2000,0,2000,2000
2024-11-17 08:08:31,1507,1228,2000,0,2000,2000
2024-11-17 08:08:31,1507,1228,2000,0,2000,2000
2024-11-17 08:08:31,1507,1228,2000,0,2000,2000
2024-11-17 08:08:31,1507,1228,2000,0,2000,2000
2024-11-17 08:08:31,1507,1228,2000,0,2000,2000
2024-11-17 08:08:31,1507,1228,2000,0,2000,2000
2024-11-17 08:08:31,1507,1228,2000,0,2000,2000
2024-11-17 08:08:31,1507,1228,2000,0,2000,2000
2024-11-17 08:08:32,1507,1228,2000,0,2000,2000
2024-11-17 08:08:32,1507,1229,2000,0,2000,2000
2024-11-17 08:08:32,1507,1229,2000,0,2000,2000
2024-11-17 08:08:32,1507,1229,2000,0,2000,2000
2024-11-17 08:08:32,1507,1229,2000,0,2000,2000
2024-11-17 08:08:32,1507,1229,2000,0,2000,2000
2024-11-17 08:08:32,1507,1228,2000,0,2000,2000
2024-11-17 08:08:32,1507,1228,2000,0,2000,2000
2024-11-17 08:08:32,1507,1228,2000,0,2000,2000
2024-11-17 08:08:32,1507,1228,2000,0,2000,2000
2024-11-17 08:08:33,1506,1228,2000,0,2000,2000
2024-11-17 08:08:33,1506,1228,2000,0,2000,2000
2024-11-17 08:08:33,1506,1228,2000,0,2000,2000
2024-11-17 08:08:33,1506,1228,2000,0,2000,2000
2024-11-17 08:08:33,1506,1228,2000,0,2000,2000
2024-11-17 08:08:33,1507,1228,2000,0,2000,2000
2024-11-17 08:08:33,1507,1229,2000,0,2000,2000
2024-11-17 08:08:33,1507,1229,2000,0,2000,2000
2024-11-17 08:08:33,1507,1229,2000,0,2000,2000
2024-11-17 08:08:33,1507,1229,2000,0,2000,2000
2024-11-17 08:08:34,1507,1229,2000,0,2000,2000
2024-11-17 08:08:34,1507,1229,2000,0,2000,2000
2024-11-17 08:08:34,1507,1229,2000,0,2000,2000
2024-11-17 08:08:34,1507,1229,2000,0,2000,2000
2024-11-17 08:08:34,1507,1229,2000,0,2000,2000
2024-11-17 08:08:34,1506,1229,2000,0,2000,2000
2024-11-17 08:08:34,1506,1229,2000,0,2000,2000
2024-11-17 08:08:34,1506,1229,2000,0,2000,2000
2024-11-17 08:08:34,1506,1229,2000,0,2000,2000
2024-11-17 08:08:34,1506,1229,2000,0,2000,2000
2024-11-17 08:08:35,1500,1229,2000,0,2000,2000
2024-11-17 08:08:35,1500,1228,2000,0,2000,2000
2024-11-17 08:08:35,1500,1228,2000,0,2000,2000
2024-11-17 08:08:35,1500,1228,2000,0,2000,2000
2024-11-17 08:08:35,1500,1228,2000,0,2000,2000
2024-11-17 08:08:35,1505,1228,2000,0,2000,2000
2024-11-17 08:08:35,1505,1228,2000,0,2000,2000
2024-11-17 08:08:35,1505,1228,2000,0,2000,2000
2024-11-17 08:08:35,1505,1228,2000,0,2000,2000
2024-11-17 08:08:35,1505,1228,2000,0,2000,2000
2024-11-17 08:08:36,1505,1228,2000,0,2000,2000
2024-11-17 08:08:36,1505,1228,2000,0,2000,2000
2024-11-17 08:08:36,1505,1228,2000,0,2000,2000
2024-11-17 08:08:36,1505,1228,2000,0,2000,2000
2024-11-17 08:08:36,1505,1228,2000,0,2000,2000
2024-11-17 08:08:36,1507,1228,2000,0,2000,2000
2024-11-17 08:08:36,1507,1229,2000,0,2000,2000
2024-11-17 08:08:36,1507,1229,2000,0,2000,2000
2024-11-17 08:08:36,1507,1229,2000,0,2000,2000
2024-11-17 08:08:36,1507,1229,2000,0,2000,2000
2024-11-17 08:08:37,1507,1229,2000,0,2000,2000
2024-11-17 08:08:37,1507,1228,2000,0,2000,2000
2024-11-17 08:08:37,1507,1228,2000,0,2000,2000
2024-11-17 08:08:37,1507,1228,2000,0,2000,2000
2024-11-17 08:08:37,1507,1228,2000,0,2000,2000
2024-11-17 08:08:37,1506,1228,2000,0,2000,2000
2024-11-17 08:08:37,1506,1228,2000,0,2000,2000
2024-11-17 08:08:37,1506,1228,2000,0,2000,2000
2024-11-17 08:08:37,1506,1228,2000,0,2000,2000
2024-11-17 08:08:37,1506,1228,2000,0,2000,2000
2024-11-17 08:08:38,1507,1228,2000,0,2000,2000
2024-11-17 08:08:38,1507,1223,2000,0,2000,2000
2024-11-17 08:08:38,1507,1223,2000,0,2000,2000
2024-11-17 08:08:38,1507,1223,2000,0,2000,2000
2024-11-17 08:08:38,1507,1223,2000,0,2000,2000
2024-11-17 08:08:38,1507,1223,2000,0,2000,2000
2024-11-17 08:08:38,1507,990,2000,0,2000,2000
2024-11-17 08:08:38,1507,990,2000,0,2000,2000
2024-11-17 08:08:38,1507,990,2000,0,2000,2000
2024-11-17 08:08:38,1507,990,2000,0,2000,2000
2024-11-17 08:08:39,1507,990,2000,0,2000,2000
2024-11-17 08:08:39,1507,990,2000,0,2000,2000
2024-11-17 08:08:39,1507,990,2000,0,2000,2000
2024-11-17 08:08:39,1507,990,2000,0,2000,2000
2024-11-17 08:08:39,1507,990,2000,0,2000,2000
2024-11-17 08:08:39,1507,990,2000,0,2000,2000
2024-11-17 08:08:39,1507,990,2000,0,2000,2000
2024-11-17 08:08:39,1507,990,2000,0,2000,2000
2024-11-17 08:08:39,1507,990,2000,0,2000,2000
2024-11-17 08:08:39,1507,990,2000,0,2000,2000
2024-11-17 08:08:40,1507,990,2000,0,2000,2000
2024-11-17 08:08:40,1507,990,2000,0,2000,2000
2024-11-17 08:08:40,1507,990,2000,0,2000,2000
2024-11-17 08:08:40,1507,990,2000,0,2000,2000
2024-11-17 08:08:40,1507,990,2000,0,2000,2000
2024-11-17 08:08:40,1507,990,2000,0,2000,2000
2024-11-17 08:08:40,1507,990,2000,0,2000,2000
2024-11-17 08:08:40,1507,990,2000,0,2000,2000
2024-11-17 08:08:40,1507,990,2000,0,2000,2000
2024-11-17 08:08:40,1507,990,2000,0,2000,1000
2024-11-17 08:08:41,1507,990,2000,0,2000,1000
2024-11-17 08:08:41,1507,990,2000,0,2000,1000
2024-11-17 08:08:41,1507,990,2000,0,2000,1000
2024-11-17 08:08:41,1507,990,2000,0,2000,1000
2024-11-17 08:08:41,1507,990,2000,0,2000,1000
2024-11-17 08:08:41,1507,990,2000,0,2000,1000
2024-11-17 08:08:41,1507,990,2000,0,2000,1000
2024-11-17 08:08:41,1507,990,2000,0,2000,1000
2024-11-17 08:08:41,1507,990,2000,0,2000,1000
2024-11-17 08:08:41,1507,990,2000,0,2000,1000
2024-11-17 08:08:42,1507,990,2000,0,2000,1000
2024-11-17 08:08:42,1507,990,2000,0,2000,1000
2024-11-17 08:08:42,1507,990,2000,0,2000,1000
2024-11-17 08:08:42,1507,990,2000,0,2000,1000
2024-11-17 08:08:42,1507,990,2000,0,2000,1000
2024-11-17 08:08:42,1507,990,2000,0,2000,1000
2024-11-17 08:08:42,1507,990,2000,0,2000,1000
2024-11-17 08:08:42,1507,990,2000,0,2000,1000
2024-11-17 08:08:42,1507,990,2000,0,2000,1000
2024-11-17 08:08:42,1507,990,2000,0,2000,1000
2024-11-17 08:08:43,1507,990,2000,0,2000,1000
2024-11-17 08:08:43,1507,990,2000,0,2000,1000
2024-11-17 08:08:43,1507,990,2000,0,2000,1000
2024-11-17 08:08:43,1507,990,2000,0,2000,1000
2024-11-17 08:08:43,1507,990,2000,0,2000,1000
2024-11-17 08:08:43,1507,990,2000,0,2000,1000
2024-11-17 08:08:43,1507,990,2000,0,2000,1000
2024-11-17 08:08:43,1507,990,2000,0,2000,1000
2024-11-17 08:08:43,1507,990,2000,0,2000,1000
2024-11-17 08:08:43,1507,990,2000,0,2000,1000
2024-11-17 08:08:44,1507,990,2000,0,2000,1000
2024-11-17 08:08:44,1507,990,2000,0,2000,1000
2024-11-17 08:08:44,1507,990,2000,0,2000,1000
2024-11-17 08:08:44,1507,990,2000,0,2000,1000
2024-11-17 08:08:44,1507,990,2000,0,2000,1000
2024-11-17 08:08:44,1507,990,2000,0,2000,1000
2024-11-17 08:08:44,1507,990,2000,0,2000,1000
2024-11-17 08:08:44,1507,990,2000,0,2000,1000
2024-11-17 08:08:44,1507,990,2000,0,2000,1000
2024-11-17 08:08:44,1507,990,2000,0,2000,1000
2024-11-17 08:08:45,1507,990,2000,0,2000,1000
2024-11-17 08:08:45,1507,990,2000,0,2000,1000
2024-11-17 08:08:45,1507,990,2000,0,2000,1000
2024-11-17 08:08:45,1507,990,2000,0,2000,1000
2024-11-17 08:08:45,1507,990,2000,0,2000,1000
2024-11-17 08:08:45,1507,990,2000,0,2000,1000
2024-11-17 08:08:45,1507,990,2000,0,2000,1000
2024-11-17 08:08:45,1507,990,2000,0,2000,1000
2024-11-17 08:08:45,1507,990,2000,0,2000,1000
2024-11-17 08:08:45,1507,990,2000,0,2000,1000
2024-11-17 08:08:46,1507,990,2000,0,2000,1000
2024-11-17 08:08:46,1507,990,2000,0,2000,1000
2024-11-17 08:08:46,1507,990,2000,0,2000,1000
2024-11-17 08:08:46,1507,990,2000,0,2000,1000
2024-11-17 08:08:46,1507,990,2000,0,2000,1000
2024-11-17 08:08:46,1507,990,2000,0,2000,1000
2024-11-17 08:08:46,1507,990,2000,0,2000,1000
2024-11-17 08:08:46,1507,990,2000,0,2000,1000
2024-11-17 08:08:46,1507,990,2000,0,2000,1000
2024-11-17 08:08:46,1507,990,2000,0,2000,1000
2024-11-17 08:08:47,1507,990,2000,0,2000,1000
2024-11-17 08:08:47,1507,990,2000,0,2000,1000
2024-11-17 08:08:47,1507,990,2000,0,2000,1000
2024-11-17 08:08:47,1507,990,2000,0,2000,1000
2024-11-17 08:08:47,1507,990,2000,0,2000,1000
2024-11-17 08:08:47,1507,990,2000,0,2000,1000
2024-11-17 08:08:47,1507,990,2000,0,2000,1000
2024-11-17 08:08:47,1507,990,2000,0,2000,1000
2024-11-17 08:08:47,1507,990,2000,0,1000,1000
2024-11-17 08:08:47,1507,990,2000,0,1000,1000
2024-11-17 08:08:48,1507,990,2000,0,1000,1000
2024-11-17 08:08:48,1507,1389,2000,0,1000,1000
2024-11-17 08:08:48,1507,1389,2000,0,1000,1000
2024-11-17 08:08:48,1507,1389,2000,0,1000,1000
2024-11-17 08:08:48,1507,1389,2000,0,1000,1000
2024-11-17 08:08:48,1507,1389,2000,0,1000,1000
2024-11-17 08:08:49,1507,1580,2000,0,1000,1000
2024-11-17 08:08:49,1507,1580,2000,0,1000,1000
2024-11-17 08:08:49,1507,1580,2000,0,1000,1000
2024-11-17 08:08:49,1507,1580,2000,0,1000,1000
2024-11-17 08:08:49,1507,1580,2000,0,1000,1000
2024-11-17 08:08:49,1507,1799,2000,0,1000,1000
2024-11-17 08:08:49,1507,1799,2000,0,1000,1000
2024-11-17 08:08:49,1507,1799,2000,0,1000,1000
2024-11-17 08:08:49,1507,1799,2000,0,1000,1000
2024-11-17 08:08:50,1507,1799,2000,0,1000,1000
2024-11-17 08:08:50,1507,1818,2000,0,1000,1000
2024-11-17 08:08:50,1507,1818,2000,0,1000,1000
2024-11-17 08:08:50,1507,1818,2000,0,1000,1000
2024-11-17 08:08:50,1507,1818,2000,0,1000,1000
2024-11-17 08:08:51,1505,1818,2000,0,1000,1000
2024-11-17 08:08:51,1505,1826,2000,0,1000,1000
2024-11-17 08:08:51,1505,1826,2000,0,1000,1000
2024-11-17 08:08:51,1505,1826,2000,0,1000,1000
2024-11-17 08:08:51,1505,1826,2000,0,1000,1000
2024-11-17 08:08:51,1535,1826,2000,0,1000,1000
2024-11-17 08:08:51,1535,1829,2000,0,1000,1000
2024-11-17 08:08:51,1535,1829,2000,0,1000,1000
2024-11-17 08:08:51,1535,1829,2000,0,1000,1000
2024-11-17 08:08:51,1535,1829,2000,0,1000,1000
2024-11-17 08:08:52,1514,1829,2000,0,1000,1000
2024-11-17 08:08:52,1514,1834,2000,0,1000,1000
2024-11-17 08:08:52,1514,1834,2000,0,1000,1000
2024-11-17 08:08:52,1514,1834,2000,0,1000,1000
2024-11-17 08:08:52,1514,1834,2000,0,1000,1000
2024-11-17 08:08:52,1507,1834,2000,0,1000,1000
2024-11-17 08:08:52,1507,1837,2000,0,1000,1000
2024-11-17 08:08:52,1507,1837,2000,0,1000,1000
2024-11-17 08:08:52,1507,1837,2000,0,1000,1000
2024-11-17 08:08:52,1507,1837,2000,0,1000,1000
2024-11-17 08:08:53,1507,1837,2000,0,1000,1000
2024-11-17 08:08:53,1507,1838,2000,0,1000,1000
2024-11-17 08:08:53,1507,1838,2000,0,1000,1000
2024-11-17 08:08:53,1507,1838,2000,0,1000,1000
2024-11-17 08:08:53,1507,1838,2000,0,1000,1000
2024-11-17 08:08:53,1506,1838,2000,0,1000,1000
2024-11-17 08:08:53,1506,1839,2000,0,1000,1000
2024-11-17 08:08:53,1506,1839,2000,0,1000,1000
2024-11-17 08:08:53,1506,1839,2000,0,1000,1000
2024-11-17 08:08:53,1506,1839,2000,0,1000,1000
2024-11-17 08:08:54,1506,1839,2000,0,1000,1000
2024-11-17 08:08:54,1506,990,2000,0,1000,1000
2024-11-17 08:08:54,1506,990,2000,0,1000,1000
2024-11-17 08:08:54,1506,990,2000,0,1000,1000
2024-11-17 08:08:54,1506,990,2000,0,1000,1000
2024-11-17 08:08:54,1507,990,2000,0,1000,1000
2024-11-17 08:08:54,1507,990,2000,0,1000,1000
2024-11-17 08:08:54,1507,990,2000,0,1000,1000
2024-11-17 08:08:54,1507,990,2000,0,1000,1000
2024-11-17 08:08:54,1507,990,2000,0,1000,1000
2024-11-17 08:08:55,1507,990,2000,0,1000,1000
2024-11-17 08:08:55,1507,990,2000,0,1000,1000
2024-11-17 08:08:55,1507,990,2000,0,1000,1000
2024-11-17 08:08:55,1507,990,2000,0,1000,1000
2024-11-17 08:08:55,1507,990,2000,0,1000,1000
2024-11-17 08:08:55,1507,990,2000,0,1000,1000
2024-11-17 08:08:55,1507,990,2000,0,1000,1000
2024-11-17 08:08:55,1507,990,2000,0,1000,1000
2024-11-17 08:08:55,1507,990,2000,0,1000,1000
2024-11-17 08:08:55,1507,990,2000,0,1000,1000
2024-11-17 08:08:56,1507,990,2000,0,1000,1000
2024-11-17 08:08:56,1507,990,2000,0,1000,1000
2024-11-17 08:08:56,1507,990,2000,0,1000,1000
2024-11-17 08:08:56,1507,990,2000,0,1000,1000
2024-11-17 08:08:56,1507,990,2000,0,1000,1000
2024-11-17 08:08:56,1507,990,2000,0,1000,1000
2024-11-17 08:08:56,1507,990,2000,0,1000,1000
2024-11-17 08:08:56,1507,990,2000,0,1000,1000
2024-11-17 08:08:56,1507,990,2000,0,1503,1000
2024-11-17 08:08:56,1507,990,2000,0,1503,1000
2024-11-17 08:08:57,1506,990,2000,0,1503,1000
2024-11-17 08:08:57,1506,990,2000,0,1503,1000
2024-11-17 08:08:57,1506,990,2000,0,1503,1000
2024-11-17 08:08:57,1506,990,2000,0,2000,1000
2024-11-17 08:08:57,1506,990,2000,0,2000,1000
2024-11-17 08:08:57,1507,990,2000,0,2000,1000
2024-11-17 08:08:57,1507,990,2000,0,2000,1000
2024-11-17 08:08:57,1507,990,2000,0,2000,1000
2024-11-17 08:08:57,1507,990,2000,0,2000,1000
2024-11-17 08:08:57,1507,990,2000,0,2000,1000
2024-11-17 08:08:58,1507,990,2000,0,2000,1000
2024-11-17 08:08:58,1507,990,2000,0,2000,1000
2024-11-17 08:08:58,1507,990,2000,0,2000,1000
2024-11-17 08:08:58,1507,990,2000,0,2000,1000
2024-11-17 08:08:58,1507,990,2000,0,2000,1000
2024-11-17 08:08:58,1509,990,2000,0,2000,1000
2024-11-17 08:08:58,1509,990,2000,0,2000,1000
2024-11-17 08:08:58,1509,990,2000,0,2000,1000
2024-11-17 08:08:58,1509,990,2000,0,2000,1000
2024-11-17 08:08:58,1509,990,2000,0,2000,1000
2024-11-17 08:08:59,1510,990,2000,0,2000,1000
2024-11-17 08:08:59,1510,990,2000,0,2000,1000
2024-11-17 08:08:59,1510,990,2000,0,2000,1000
2024-11-17 08:08:59,1510,990,2000,0,2000,1000
2024-11-17 08:08:59,1510,990,2000,0,2000,1000
2024-11-17 08:08:59,1512,990,2000,0,2000,1000
2024-11-17 08:08:59,1512,1064,2000,0,2000,1000
2024-11-17 08:08:59,1512,1064,2000,0,2000,1000
2024-11-17 08:08:59,1512,1064,2000,0,2000,1000
2024-11-17 08:08:59,1512,1064,2000,0,2000,1000
2024-11-17 08:09:00,1512,1064,2000,0,2000,1000
2024-11-17 08:09:00,1512,1482,2000,0,2000,1000
2024-11-17 08:09:00,1512,1482,2000,0,2000,1000
2024-11-17 08:09:00,1512,1482,2000,0,2000,1000
2024-11-17 08:09:00,1512,1482,2000,0,2000,1000
2024-11-17 08:09:00,1512,1482,2000,0,2000,1000
2024-11-17 08:09:00,1512,1484,2000,0,2000,1000
2024-11-17 08:09:00,1512,1484,2000,0,2000,1000
2024-11-17 08:09:00,1512,1484,2000,0,2000,1000
2024-11-17 08:09:00,1512,1484,2000,0,2000,1000
2024-11-17 08:09:01,1512,1484,2000,0,2000,1000
2024-11-17 08:09:01,1512,1484,2000,0,2000,1000
2024-11-17 08:09:01,1512,1484,2000,0,2000,1000
2024-11-17 08:09:01,1512,1484,2000,0,2000,1000
2024-11-17 08:09:01,1512,1484,2000,0,2000,1000
2024-11-17 08:09:01,1512,1484,2000,0,2000,1000
2024-11-17 08:09:01,1512,1484,2000,0,2000,1000
2024-11-17 08:09:01,1512,1484,2000,0,2000,1000
2024-11-17 08:09:01,1512,1484,2000,0,2000,1000
2024-11-17 08:09:01,1512,1484,2000,0,2000,1000
2024-11-17 08:09:02,1512,1484,2000,0,2000,1000
2024-11-17 08:09:02,1512,1483,2000,0,2000,1000
2024-11-17 08:09:02,1512,1483,2000,0,2000,1000
2024-11-17 08:09:02,1512,1483,2000,0,2000,1000
2024-11-17 08:09:02,1512,1483,2000,0,2000,1000
2024-11-17 08:09:02,1512,1483,2000,0,2000,1000
2024-11-17 08:09:02,1512,1483,2000,0,2000,1000
2024-11-17 08:09:02,1512,1483,2000,0,2000,1000
2024-11-17 08:09:02,1512,1483,2000,0,2000,1000
2024-11-17 08:09:02,1512,1483,2000,0,2000,1000
2024-11-17 08:09:03,1512,1483,2000,0,2000,1000
2024-11-17 08:09:03,1512,1483,2000,0,2000,1000
2024-11-17 08:09:03,1512,1483,2000,0,2000,1000
2024-11-17 08:09:03,1512,1483,2000,0,2000,1000
2024-11-17 08:09:03,1512,1483,2000,0,2000,1000
2024-11-17 08:09:03,1512,1483,2000,0,2000,1000
2024-11-17 08:09:03,1512,1484,2000,0,2000,1000
2024-11-17 08:09:03,1512,1484,2000,0,2000,1000
2024-11-17 08:09:03,1512,1484,2000,0,2000,1000
2024-11-17 08:09:03,1512,1484,2000,0,2000,1000
2024-11-17 08:09:04,1512,1484,2000,0,2000,1000
2024-11-17 08:09:04,1512,1483,2000,0,2000,1000
2024-11-17 08:09:04,1512,1483,2000,0,2000,1000
2024-11-17 08:09:04,1512,1483,2000,0,2000,1000
2024-11-17 08:09:04,1512,1483,2000,0,2000,1000
2024-11-17 08:09:04,1512,1483,2000,0,2000,1000
2024-11-17 08:09:04,1512,1483,2000,0,2000,1000
2024-11-17 08:09:04,1512,1483,2000,0,2000,1000
2024-11-17 08:09:04,1512,1483,2000,0,2000,1000
2024-11-17 08:09:04,1512,1483,2000,0,2000,1000
2024-11-17 08:09:05,1512,1483,2000,0,2000,1000
2024-11-17 08:09:05,1512,1483,2000,0,2000,1000
2024-11-17 08:09:05,1512,1483,2000,0,2000,1000
2024-11-17 08:09:05,1512,1483,2000,0,2000,1000
2024-11-17 08:09:05,1512,1483,2000,0,2000,1000
2024-11-17 08:09:05,1511,1483,2000,0,2000,1000
2024-11-17 08:09:05,1511,1483,2000,0,2000,1000
2024-11-17 08:09:05,1511,1483,2000,0,2000,1000
2024-11-17 08:09:05,1511,1483,2000,0,2000,1000
2024-11-17 08:09:05,1511,1483,2000,0,2000,1000
2024-11-17 08:09:06,1512,1483,2000,0,2000,1000
2024-11-17 08:09:06,1512,1483,2000,0,2000,1000
2024-11-17 08:09:06,1512,1483,2000,0,2000,1000
2024-11-17 08:09:06,1512,1483,2000,0,2000,1000
2024-11-17 08:09:06,1512,1483,2000,0,2000,1000
2024-11-17 08:09:06,1512,1483,2000,0,2000,1000
2024-11-17 08:09:06,1512,1483,2000,0,2000,1000
2024-11-17 08:09:06,1512,1483,2000,0,2000,1000
2024-11-17 08:09:06,1512,1483,2000,0,2000,1000
2024-11-17 08:09:06,1512,1483,2000,0,2000,1000
2024-11-17 08:09:07,1494,1483,2000,0,2000,1000
2024-11-17 08:09:07,1494,1483,2000,0,2000,1000
2024-11-17 08:09:07,1494,1483,2000,0,2000,1000
2024-11-17 08:09:07,1494,1483,2000,0,2000,1000
2024-11-17 08:09:07,1494,1483,2000,0,2000,1000
2024-11-17 08:09:07,1512,1483,2000,0,2000,1000
2024-11-17 08:09:07,1512,1483,2000,0,2000,1000
2024-11-17 08:09:07,1512,1483,2000,0,2000,1000
2024-11-17 08:09:07,1512,1483,2000,0,2000,1000
2024-11-17 08:09:07,1512,1483,2000,0,2000,1000
2024-11-17 08:09:08,1512,1483,2000,0,2000,1000
2024-11-17 08:09:08,1512,1483,2000,0,2000,1000
2024-11-17 08:09:08,1512,1483,2000,0,2000,1000
2024-11-17 08:09:08,1512,1483,2000,0,2000,1000
2024-11-17 08:09:08,1512,1483,2000,0,2000,1000
2024-11-17 08:09:08,1512,1483,2000,0,2000,1000
2024-11-17 08:09:08,1512,1331,2000,0,2000,1000
2024-11-17 08:09:08,1512,1331,2000,0,2000,1000
2024-11-17 08:09:08,1512,1331,2000,0,2000,1000
2024-11-17 08:09:08,1512,1331,2000,0,2000,1000
2024-11-17 08:09:09,1512,1331,2000,0,2000,1000
2024-11-17 08:09:09,1512,990,2000,0,2000,1000
2024-11-17 08:09:09,1512,990,2000,0,2000,1000
2024-11-17 08:09:09,1512,990,2000,0,2000,1000
2024-11-17 08:09:09,1512,990,2000,0,2000,1000
2024-11-17 08:09:09,1512,990,2000,0,2000,1000
2024-11-17 08:09:10,1512,990,2000,0,2000,1000
2024-11-17 08:09:10,1512,990,2000,0,2000,1000
2024-11-17 08:09:10,1512,990,2000,0,2000,1000
2024-11-17 08:09:10,1512,990,2000,0,2000,1000
2024-11-17 08:09:10,1512,990,2000,0,2000,1000
2024-11-17 08:09:10,1512,1429,2000,0,2000,1000
2024-11-17 08:09:10,1512,1429,2000,0,2000,1000
2024-11-17 08:09:10,1512,1429,2000,0,1000,1000
2024-11-17 08:09:10,1512,1429,2000,0,1000,1000
2024-11-17 08:09:10,1512,1429,2000,0,1000,1000
2024-11-17 08:09:11,1512,1931,2000,0,1000,1000
2024-11-17 08:09:11,1512,1931,2000,0,1000,1000
2024-11-17 08:09:11,1512,1931,2000,0,1000,1000
2024-11-17 08:09:11,1512,1931,2000,0,1000,1000
2024-11-17 08:09:11,1513,1931,2000,0,1000,1000
2024-11-17 08:09:11,1513,1961,2000,0,1000,1000
2024-11-17 08:09:11,1513,1961,2000,0,1000,1000
2024-11-17 08:09:11,1513,1961,2000,0,1000,1000
2024-11-17 08:09:11,1513,1961,2000,0,1000,1000
2024-11-17 08:09:11,1512,1961,2000,0,1000,1000
2024-11-17 08:09:11,1512,1985,2000,0,1000,1000
2024-11-17 08:09:11,1512,1985,2000,0,1000,1000
2024-11-17 08:09:11,1512,1985,2000,0,1000,1000
2024-11-17 08:09:11,1512,1985,2000,0,1000,1000
2024-11-17 08:09:12,1512,1985,2000,0,1000,1000
2024-11-17 08:09:12,1512,1995,2000,0,1000,1000
2024-11-17 08:09:12,1512,1995,2000,0,1000,1000
2024-11-17 08:09:12,1512,1995,2000,0,1000,1000
2024-11-17 08:09:12,1512,1995,2000,0,1000,1000
2024-11-17 08:09:13,1512,1995,2000,0,1000,1000
2024-11-17 08:09:13,1512,2008,2000,0,1000,1000
2024-11-17 08:09:13,1512,2008,2000,0,1000,1000
2024-11-17 08:09:13,1512,2008,2000,0,1000,1000
2024-11-17 08:09:13,1512,2008,2000,0,1000,1000
2024-11-17 08:09:13,1512,2008,2000,0,1000,1000
2024-11-17 08:09:13,1512,2009,2000,0,1000,1000
2024-11-17 08:09:13,1512,2009,2000,0,1000,1000
2024-11-17 08:09:13,1512,2009,2000,0,1000,1000
2024-11-17 08:09:13,1512,2009,2000,0,1000,1000
2024-11-17 08:09:14,1512,2009,2000,0,1000,1000
2024-11-17 08:09:14,1512,2010,2000,0,1000,1000
2024-11-17 08:09:14,1512,2010,2000,0,1000,1000
2024-11-17 08:09:14,1512,2010,2000,0,1000,1000
2024-11-17 08:09:14,1512,2010,2000,0,1000,1000
2024-11-17 08:09:14,1512,2010,2000,0,1000,1000
2024-11-17 08:09:14,1512,2011,2000,0,1000,1000
2024-11-17 08:09:14,1512,2011,2000,0,1000,1000
2024-11-17 08:09:14,1512,2011,2000,0,1000,1000
2024-11-17 08:09:14,1512,2011,2000,0,1000,1000
2024-11-17 08:09:15,1512,2011,2000,0,1000,1000
2024-11-17 08:09:15,1512,1157,2000,0,1000,1000
2024-11-17 08:09:15,1512,1157,2000,0,1000,1000
2024-11-17 08:09:15,1512,1157,2000,0,1000,1000
2024-11-17 08:09:15,1512,1157,2000,0,1000,1000
2024-11-17 08:09:15,1512,1157,2000,0,1000,1000
2024-11-17 08:09:15,1512,990,2000,0,1000,1000
2024-11-17 08:09:15,1512,990,2000,0,1000,1000
2024-11-17 08:09:15,1512,990,2000,0,1000,1000
2024-11-17 08:09:15,1512,990,2000,0,1000,1000
2024-11-17 08:09:16,1512,990,2000,0,1000,1000
2024-11-17 08:09:16,1512,990,2000,0,1000,1000
2024-11-17 08:09:16,1512,990,2000,0,1000,1000
2024-11-17 08:09:16,1512,990,2000,0,1000,1000
2024-11-17 08:09:16,1512,990,2000,0,1000,1000
2024-11-17 08:09:16,1512,990,2000,0,1000,1000
2024-11-17 08:09:16,1512,990,2000,0,1000,1000
2024-11-17 08:09:16,1512,990,2000,0,1000,1000
2024-11-17 08:09:16,1512,990,2000,0,1000,1000
2024-11-17 08:09:16,1512,990,2000,0,1000,1000
2024-11-17 08:09:16,1367,990,2000,0,1000,1000
2024-11-17 08:09:16,1367,990,2000,0,1000,1000
2024-11-17 08:09:16,1367,990,2000,0,1000,1000
2024-11-17 08:09:16,1367,990,2000,0,1000,1000
2024-11-17 08:09:16,1367,990,2000,0,1000,1000
2024-11-17 08:09:17,1512,990,2000,0,1000,1000
2024-11-17 08:09:17,1512,990,2000,0,1000,1000
2024-11-17 08:09:17,1512,990,2000,0,1000,1000
2024-11-17 08:09:17,1512,990,2000,0,1000,1000
2024-11-17 08:09:17,1512,990,2000,0,1000,1000
2024-11-17 08:09:17,1434,990,2000,0,1000,1000
2024-11-17 08:09:17,1434,990,2000,0,1000,1000
2024-11-17 08:09:17,1434,990,2000,0,1000,1000
2024-11-17 08:09:17,1434,990,2000,0,2000,1000
2024-11-17 08:09:17,1434,990,2000,0,2000,1000
2024-11-17 08:09:18,1464,990,2000,0,2000,1000
2024-11-17 08:09:18,1464,990,2000,0,2000,1000
2024-11-17 08:09:18,1464,990,2000,0,2000,1000
2024-11-17 08:09:18,1464,990,2000,0,2000,1000
2024-11-17 08:09:18,1464,990,2000,0,2000,1000
2024-11-17 08:09:18,1512,990,2000,0,2000,1000
2024-11-17 08:09:18,1512,990,2000,0,2000,1000
2024-11-17 08:09:18,1512,990,2000,0,2000,1000
2024-11-17 08:09:18,1512,990,2000,0,2000,1000
2024-11-17 08:09:18,1512,990,2000,0,2000,1000
2024-11-17 08:09:19,1512,990,2000,0,2000,1000
2024-11-17 08:09:19,1512,990,2000,0,2000,1000
2024-11-17 08:09:19,1512,990,2000,0,2000,1000
2024-11-17 08:09:19,1512,990,2000,0,2000,1000
2024-11-17 08:09:19,1512,990,2000,0,2000,1000
2024-11-17 08:09:19,1440,990,2000,0,2000,1000
2024-11-17 08:09:19,1440,990,2000,0,2000,1000
2024-11-17 08:09:19,1440,990,2000,0,2000,1000
2024-11-17 08:09:19,1440,990,2000,0,2000,1000
2024-11-17 08:09:19,1440,990,2000,0,2000,1000
2024-11-17 08:09:20,1415,990,2000,0,2000,1000
2024-11-17 08:09:20,1415,990,2000,0,2000,1000
2024-11-17 08:09:20,1415,990,2000,0,2000,1000
2024-11-17 08:09:20,1415,990,2000,0,2000,1000
2024-11-17 08:09:20,1415,990,2000,0,2000,1000
2024-11-17 08:09:21,1511,990,2000,0,2000,1000
2024-11-17 08:09:21,1511,1184,2000,0,2000,1000
2024-11-17 08:09:21,1511,1184,2000,0,2000,1000
2024-11-17 08:09:21,1511,1184,2000,0,2000,1000
2024-11-17 08:09:21,1511,1184,2000,0,2000,1000
2024-11-17 08:09:21,1583,1184,2000,0,2000,1000
2024-11-17 08:09:21,1583,1270,2000,0,2000,1000
2024-11-17 08:09:21,1583,1270,2000,0,2000,1000
2024-11-17 08:09:21,1583,1270,2000,0,2000,1000
2024-11-17 08:09:21,1583,1270,2000,0,2000,1000
2024-11-17 08:09:22,1515,1270,2000,0,2000,1000
2024-11-17 08:09:22,1515,1270,2000,0,2000,1000
2024-11-17 08:09:22,1515,1270,2000,0,2000,1000
2024-11-17 08:09:22,1515,1270,2000,0,2000,1000
2024-11-17 08:09:22,1515,1270,2000,0,2000,1000
2024-11-17 08:09:22,1512,1270,2000,0,2000,1000
2024-11-17 08:09:22,1512,1225,2000,0,2000,1000
2024-11-17 08:09:22,1512,1225,2000,0,2000,1000
2024-11-17 08:09:22,1512,1225,2000,0,2000,1000
2024-11-17 08:09:22,1512,1225,2000,0,2000,1000
2024-11-17 08:09:23,1429,1225,2000,0,2000,1000
2024-11-17 08:09:23,1429,1190,2000,0,2000,1000
2024-11-17 08:09:23,1429,1190,2000,0,2000,1000
2024-11-17 08:09:23,1429,1190,2000,0,2000,1000
2024-11-17 08:09:23,1429,1190,2000,0,2000,1000
2024-11-17 08:09:23,1471,1190,2000,0,2000,1000
2024-11-17 08:09:23,1471,1191,2000,0,2000,1000
2024-11-17 08:09:23,1471,1191,2000,0,2000,1000
2024-11-17 08:09:23,1471,1191,2000,0,2000,1000
2024-11-17 08:09:23,1471,1191,2000,0,2000,1000
2024-11-17 08:09:24,1511,1191,2000,0,2000,1000
2024-11-17 08:09:24,1511,1191,2000,0,2000,1000
2024-11-17 08:09:24,1511,1191,2000,0,2000,1000
2024-11-17 08:09:24,1511,1191,2000,0,2000,1000
2024-11-17 08:09:24,1511,1191,2000,0,2000,1000
2024-11-17 08:09:24,1512,1191,2000,0,2000,1000
2024-11-17 08:09:24,1512,990,2000,0,2000,1000
2024-11-17 08:09:24,1512,990,2000,0,2000,1000
2024-11-17 08:09:24,1512,990,2000,0,2000,1000
2024-11-17 08:09:24,1512,990,2000,0,2000,1000
2024-11-17 08:09:25,1512,990,2000,0,2000,1000
2024-11-17 08:09:25,1512,990,2000,0,2000,1000
2024-11-17 08:09:25,1512,990,2000,0,2000,1000
2024-11-17 08:09:25,1512,990,2000,0,1000,1000
2024-11-17 08:09:25,1512,990,2000,0,1000,1000
2024-11-17 08:09:25,1512,990,2000,0,1000,1000
2024-11-17 08:09:25,1512,1376,2000,0,1000,1000
2024-11-17 08:09:25,1512,1376,2000,0,1000,1000
2024-11-17 08:09:25,1512,1376,2000,0,1000,1000
2024-11-17 08:09:25,1512,1376,2000,0,1000,1000
2024-11-17 08:09:26,1512,1376,2000,0,1000,1000
2024-11-17 08:09:26,1512,1477,2000,0,1000,1000
2024-11-17 08:09:26,1512,1477,2000,0,1000,1000
2024-11-17 08:09:26,1512,1477,2000,0,1000,1000
2024-11-17 08:09:26,1512,1477,2000,0,1000,1000
2024-11-17 08:09:26,1512,1477,2000,0,1000,1000
2024-11-17 08:09:26,1512,1489,2000,0,1000,1000
2024-11-17 08:09:26,1512,1489,2000,0,1000,1000
2024-11-17 08:09:26,1512,1489,2000,0,1000,1000
2024-11-17 08:09:26,1512,1489,2000,0,1000,1000
2024-11-17 08:09:27,1512,1489,2000,0,1000,1000
2024-11-17 08:09:27,1512,990,2000,0,1000,1000
2024-11-17 08:09:27,1512,990,2000,0,1000,1000
2024-11-17 08:09:27,1512,990,2000,0,1000,1000
2024-11-17 08:09:27,1512,990,2000,0,1000,1000
2024-11-17 08:09:27,1512,990,2000,0,1000,1000
2024-11-17 08:09:27,1512,990,2000,0,1000,1000
2024-11-17 08:09:27,1512,990,2000,0,1000,1000
2024-11-17 08:09:27,1512,990,2000,0,1000,1000
2024-11-17 08:09:27,1512,990,2000,0,1000,1000
2024-11-17 08:09:28,1512,990,2000,0,1000,1000
2024-11-17 08:09:28,1512,990,2000,0,1000,1000
2024-11-17 08:09:28,1512,990,2000,0,1000,1000
2024-11-17 08:09:28,1512,990,2000,0,1000,1000
2024-11-17 08:09:28,1512,990,2000,0,1000,1000
2024-11-17 08:09:28,1512,990,2000,0,1000,1000
2024-11-17 08:09:28,1512,990,2000,0,1000,1000
2024-11-17 08:09:28,1512,990,2000,0,1000,1000
2024-11-17 08:09:28,1512,990,2000,0,2000,1000
2024-11-17 08:09:28,1512,990,2000,0,2000,1000
2024-11-17 08:09:29,1512,990,2000,0,2000,1000
2024-11-17 08:09:29,1512,990,2000,0,2000,1000
2024-11-17 08:09:29,1512,990,2000,0,2000,1000
2024-11-17 08:09:29,1512,990,2000,0,2000,1000
2024-11-17 08:09:29,1512,990,2000,0,2000,1000
2024-11-17 08:09:29,1513,990,2000,0,2000,1000
2024-11-17 08:09:29,1513,1382,2000,0,2000,1000
2024-11-17 08:09:29,1513,1382,2000,0,2000,1000
2024-11-17 08:09:29,1513,1382,2000,0,2000,1000
2024-11-17 08:09:29,1513,1382,2000,0,2000,1000
2024-11-17 08:09:30,1512,1382,2000,0,2000,1000
2024-11-17 08:09:30,1512,1485,2000,0,2000,1000
2024-11-17 08:09:30,1512,1485,2000,0,2000,1000
2024-11-17 08:09:30,1512,1485,2000,0,2000,1000
2024-11-17 08:09:30,1512,1485,2000,0,2000,1000
2024-11-17 08:09:30,1512,1485,2000,0,2000,1000
2024-11-17 08:09:30,1512,1482,2000,0,2000,1000
2024-11-17 08:09:30,1512,1482,2000,0,2000,1000
2024-11-17 08:09:30,1512,1482,2000,0,2000,1000
2024-11-17 08:09:30,1512,1482,2000,0,2000,1000
2024-11-17 08:09:31,1512,1482,2000,0,2000,1000
2024-11-17 08:09:31,1512,1482,2000,0,2000,1000
2024-11-17 08:09:31,1512,1482,2000,0,2000,1000
2024-11-17 08:09:31,1512,1482,2000,0,2000,1000
2024-11-17 08:09:31,1512,1482,2000,0,2000,1000
2024-11-17 08:09:31,1512,1482,2000,0,2000,1000
2024-11-17 08:09:31,1512,1482,2000,0,2000,1000
2024-11-17 08:09:31,1512,1482,2000,0,2000,1000
2024-11-17 08:09:31,1512,1482,2000,0,2000,1000
2024-11-17 08:09:31,1512,1482,2000,0,2000,1000
2024-11-17 08:09:32,1512,1482,2000,0,2000,1000
2024-11-17 08:09:32,1512,1482,2000,0,2000,1000
2024-11-17 08:09:32,1512,1482,2000,0,2000,1000
2024-11-17 08:09:32,1512,1482,2000,0,2000,1000
2024-11-17 08:09:32,1512,1482,2000,0,2000,1000
2024-11-17 08:09:32,1512,1482,2000,0,2000,1000
2024-11-17 08:09:32,1512,1482,2000,0,2000,1000
2024-11-17 08:09:32,1512,1482,2000,0,2000,1000
2024-11-17 08:09:32,1512,1482,2000,0,2000,1000
2024-11-17 08:09:32,1512,1482,2000,0,2000,1000
2024-11-17 08:09:33,1512,1482,2000,0,2000,1000
2024-11-17 08:09:33,1512,1482,2000,0,2000,1000
2024-11-17 08:09:33,1512,1482,2000,0,2000,1000
2024-11-17 08:09:33,1512,1482,2000,0,2000,1000
2024-11-17 08:09:33,1512,1482,2000,0,2000,2000
2024-11-17 08:09:33,1512,1482,2000,0,2000,2000
2024-11-17 08:09:33,1512,1482,2000,0,2000,2000
2024-11-17 08:09:33,1512,1482,2000,0,2000,2000
2024-11-17 08:09:33,1512,1482,2000,0,2000,2000
2024-11-17 08:09:33,1512,1482,2000,0,2000,2000
2024-11-17 08:09:34,1512,1482,2000,0,2000,2000
2024-11-17 08:09:34,1512,1482,2000,0,2000,2000
2024-11-17 08:09:34,1512,1482,2000,0,2000,2000
2024-11-17 08:09:34,1512,1482,2000,0,2000,2000
2024-11-17 08:09:34,1512,1482,2000,0,2000,2000
2024-11-17 08:09:34,1512,1482,2000,0,2000,2000
2024-11-17 08:09:34,1512,1482,2000,0,2000,2000
2024-11-17 08:09:34,1512,1482,2000,0,2000,2000
2024-11-17 08:09:34,1512,1482,2000,0,2000,2000
2024-11-17 08:09:34,1512,1482,2000,0,2000,2000
2024-11-17 08:09:35,1512,1482,2000,0,2000,2000
2024-11-17 08:09:35,1512,1482,2000,0,2000,2000
2024-11-17 08:09:35,1512,1482,2000,0,2000,2000
2024-11-17 08:09:35,1512,1482,2000,0,2000,2000
2024-11-17 08:09:35,1512,1482,2000,0,2000,2000
2024-11-17 08:09:35,1512,1482,2000,0,2000,2000
2024-11-17 08:09:35,1512,1482,2000,0,2000,2000
2024-11-17 08:09:35,1512,1482,2000,0,2000,2000
2024-11-17 08:09:35,1512,1482,2000,0,2000,2000
2024-11-17 08:09:35,1512,1482,2000,0,2000,2000
2024-11-17 08:09:36,1512,1482,2000,0,2000,2000
2024-11-17 08:09:36,1512,1482,2000,0,2000,2000
2024-11-17 08:09:36,1512,1482,2000,0,2000,2000
2024-11-17 08:09:36,1512,1482,2000,0,2000,2000
2024-11-17 08:09:36,1512,1482,2000,0,2000,2000
2024-11-17 08:09:36,1512,1482,2000,0,2000,2000
2024-11-17 08:09:36,1512,1482,2000,0,2000,2000
2024-11-17 08:09:36,1512,1482,2000,0,2000,2000
2024-11-17 08:09:36,1512,1482,2000,0,2000,2000
2024-11-17 08:09:36,1512,1482,2000,0,2000,2000
2024-11-17 08:09:37,1512,1482,2000,0,2000,2000
2024-11-17 08:09:37,1512,1482,2000,0,2000,2000
2024-11-17 08:09:37,1512,1482,2000,0,2000,2000
2024-11-17 08:09:37,1512,1482,2000,0,2000,2000
2024-11-17 08:09:37,1512,1482,2000,0,2000,2000
2024-11-17 08:09:37,1512,1482,2000,0,2000,2000
2024-11-17 08:09:37,1512,1482,2000,0,2000,2000
2024-11-17 08:09:37,1512,1482,2000,0,2000,2000
2024-11-17 08:09:37,1512,1482,2000,0,2000,2000
2024-11-17 08:09:37,1512,1482,2000,0,2000,1000
2024-11-17 08:09:38,1512,1482,2000,0,2000,1000
2024-11-17 08:09:38,1512,990,2000,0,2000,1000
2024-11-17 08:09:38,1512,990,2000,0,2000,1000
2024-11-17 08:09:38,1512,990,2000,0,2000,1000
2024-11-17 08:09:38,1512,990,2000,0,2000,1000
2024-11-17 08:09:38,1512,990,2000,0,2000,1000
2024-11-17 08:09:38,1512,990,2000,0,2000,1000
2024-11-17 08:09:38,1512,990,2000,0,2000,1000
2024-11-17 08:09:38,1512,990,2000,0,2000,1000
2024-11-17 08:09:38,1512,990,2000,0,2000,1000
2024-11-17 08:09:39,1512,990,2000,0,2000,1000
2024-11-17 08:09:39,1512,990,2000,0,2000,1000
2024-11-17 08:09:39,1512,990,2000,0,2000,1000
2024-11-17 08:09:39,1512,990,2000,0,2000,1000
2024-11-17 08:09:39,1512,990,2000,0,2000,1000
2024-11-17 08:09:39,1512,990,2000,0,2000,1000
2024-11-17 08:09:39,1512,990,2000,0,2000,1000
2024-11-17 08:09:39,1512,990,2000,0,2000,1000
2024-11-17 08:09:39,1512,990,2000,0,2000,1000
2024-11-17 08:09:39,1512,990,2000,0,2000,1000
2024-11-17 08:09:40,1512,990,2000,0,2000,1000
2024-11-17 08:09:40,1512,1119,2000,0,2000,1000
2024-11-17 08:09:40,1512,1119,2000,0,2000,1000
2024-11-17 08:09:40,1512,1119,2000,0,1000,1000
2024-11-17 08:09:40,1512,1119,2000,0,1000,1000
2024-11-17 08:09:40,1513,1119,2000,0,1000,1000
2024-11-17 08:09:40,1513,1550,2000,0,1000,1000
2024-11-17 08:09:40,1513,1550,2000,0,1000,1000
2024-11-17 08:09:40,1513,1550,2000,0,1000,1000
2024-11-17 08:09:40,1513,1550,2000,0,1000,1000
2024-11-17 08:09:41,1485,1550,2000,0,1000,1000
2024-11-17 08:09:41,1485,1617,2000,0,1000,1000
2024-11-17 08:09:41,1485,1617,2000,0,1000,1000
2024-11-17 08:09:41,1485,1617,2000,0,1000,1000
2024-11-17 08:09:41,1485,1617,2000,0,1000,1000
2024-11-17 08:09:41,1512,1617,2000,0,1000,1000
2024-11-17 08:09:41,1512,1627,2000,0,1000,1000
2024-11-17 08:09:41,1512,1627,2000,0,1000,1000
2024-11-17 08:09:41,1512,1627,2000,0,1000,1000
2024-11-17 08:09:41,1512,1627,2000,0,1000,1000
2024-11-17 08:09:42,1512,1627,2000,0,1000,1000
2024-11-17 08:09:42,1512,1629,2000,0,1000,1000
2024-11-17 08:09:42,1512,1629,2000,0,1000,1000
2024-11-17 08:09:42,1512,1629,2000,0,1000,1000
2024-11-17 08:09:42,1512,1629,2000,0,1000,1000
2024-11-17 08:09:42,1512,1629,2000,0,1000,1000
2024-11-17 08:09:42,1512,1630,2000,0,1000,1000
2024-11-17 08:09:42,1512,1630,2000,0,1000,1000
2024-11-17 08:09:42,1512,1630,2000,0,1000,1000
2024-11-17 08:09:42,1512,1630,2000,0,1000,1000
2024-11-17 08:09:43,1571,1630,2000,0,1000,1000
2024-11-17 08:09:43,1571,1630,2000,0,1000,1000
2024-11-17 08:09:43,1571,1630,2000,0,1000,1000
2024-11-17 08:09:43,1571,1630,2000,0,1000,1000
2024-11-17 08:09:43,1571,1630,2000,0,1000,1000
2024-11-17 08:09:43,1472,1630,2000,0,1000,1000
2024-11-17 08:09:43,1472,1630,2000,0,1000,1000
2024-11-17 08:09:43,1472,1630,2000,0,1000,1000
2024-11-17 08:09:43,1472,1630,2000,0,1000,1000
2024-11-17 08:09:43,1472,1630,2000,0,1000,1000
2024-11-17 08:09:44,1513,1630,2000,0,1000,1000
2024-11-17 08:09:44,1513,1631,2000,0,1000,1000
2024-11-17 08:09:44,1513,1631,2000,0,1000,1000
2024-11-17 08:09:44,1513,1631,2000,0,1000,1000
2024-11-17 08:09:44,1513,1631,2000,0,1000,1000
2024-11-17 08:09:44,1511,1631,2000,0,1000,1000
2024-11-17 08:09:44,1511,1630,2000,0,1000,1000
2024-11-17 08:09:44,1511,1630,2000,0,1000,1000
2024-11-17 08:09:44,1511,1630,2000,0,1000,1000
2024-11-17 08:09:44,1511,1630,2000,0,1000,1000
2024-11-17 08:09:45,1480,1630,2000,0,1000,1000
2024-11-17 08:09:45,1480,1630,2000,0,1000,1000
2024-11-17 08:09:45,1480,1630,2000,0,1000,1000
2024-11-17 08:09:45,1480,1630,2000,0,1000,1000
2024-11-17 08:09:45,1480,1630,2000,0,1000,1000
2024-11-17 08:09:45,1512,1630,2000,0,1000,1000
2024-11-17 08:09:45,1512,1630,2000,0,1000,1000
2024-11-17 08:09:45,1512,1630,2000,0,1000,1000
2024-11-17 08:09:45,1512,1630,2000,0,1000,1000
2024-11-17 08:09:45,1512,1630,2000,0,1000,1000
2024-11-17 08:09:46,1512,1630,2000,0,1000,1000
2024-11-17 08:09:46,1512,1631,2000,0,1000,1000
2024-11-17 08:09:46,1512,1631,2000,0,1000,1000
2024-11-17 08:09:46,1512,1631,2000,0,1000,1000
2024-11-17 08:09:46,1512,1631,2000,0,1000,1000
2024-11-17 08:09:46,1512,1631,2000,0,1000,1000
2024-11-17 08:09:46,1512,990,2000,0,1000,1000
2024-11-17 08:09:46,1512,990,2000,0,1000,1000
2024-11-17 08:09:46,1512,990,2000,0,1000,1000
2024-11-17 08:09:46,1512,990,2000,0,1000,1000
2024-11-17 08:09:47,1512,990,2000,0,1000,1000
2024-11-17 08:09:47,1512,990,2000,0,1000,1000
2024-11-17 08:09:47,1512,990,2000,0,1000,1000
2024-11-17 08:09:47,1512,990,2000,0,1000,1000
2024-11-17 08:09:47,1512,990,2000,0,1000,1000
2024-11-17 08:09:47,1512,990,2000,0,1000,1000
2024-11-17 08:09:47,1512,990,2000,0,1000,1000
2024-11-17 08:09:47,1512,990,2000,0,1000,1000
2024-11-17 08:09:47,1512,990,2000,0,1000,1000
2024-11-17 08:09:47,1512,990,2000,0,1000,1000
2024-11-17 08:09:48,1512,990,2000,0,1000,1000
2024-11-17 08:09:48,1512,990,2000,0,1000,1000
2024-11-17 08:09:48,1512,990,2000,0,1000,1000
2024-11-17 08:09:48,1512,990,2000,0,1000,1000
2024-11-17 08:09:48,1512,990,2000,0,1000,1000
2024-11-17 08:09:48,1512,990,2000,0,1000,1000
2024-11-17 08:09:48,1512,990,2000,0,1000,1000
2024-11-17 08:09:48,1512,990,2000,0,1000,1000
2024-11-17 08:09:48,1512,990,2000,0,1000,1000
2024-11-17 08:09:48,1512,990,2000,0,1000,1000
2024-11-17 08:09:49,1512,990,2000,0,1000,1000
2024-11-17 08:09:49,1512,990,2000,0,1000,1000
2024-11-17 08:09:49,1512,990,2000,0,1000,1000
2024-11-17 08:09:49,1512,990,2000,0,1000,1000
2024-11-17 08:09:49,1512,990,2000,0,1000,1000
2024-11-17 08:09:49,1510,990,2000,0,1000,1000
2024-11-17 08:09:49,1510,990,2000,0,1000,1000
2024-11-17 08:09:49,1510,990,2000,0,1000,1000
2024-11-17 08:09:49,1510,990,2000,0,1000,1000
2024-11-17 08:09:49,1510,990,2000,0,1000,1000
2024-11-17 08:09:50,1509,990,2000,0,1000,1000
2024-11-17 08:09:50,1509,990,2000,0,1000,1000
2024-11-17 08:09:50,1509,990,2000,0,1000,1000
2024-11-17 08:09:50,1509,990,2000,0,1000,1000
2024-11-17 08:09:50,1509,990,2000,0,1000,1000
2024-11-17 08:09:50,1507,990,2000,0,1000,1000
2024-11-17 08:09:50,1507,990,2000,0,1000,1000
2024-11-17 08:09:50,1507,990,2000,0,1000,1000
2024-11-17 08:09:50,1507,990,2000,0,1000,1000
2024-11-17 08:09:50,1507,990,2000,0,1000,1000
2024-11-17 08:09:51,1507,990,2000,0,1000,1000
2024-11-17 08:09:51,1507,990,2000,0,1000,1000
2024-11-17 08:09:51,1507,990,2000,0,1000,1000
2024-11-17 08:09:51,1507,990,2000,0,1000,1000
2024-11-17 08:09:51,1507,990,2000,0,1000,1000
2024-11-17 08:09:51,1507,990,2000,0,1000,1000
2024-11-17 08:09:51,1507,990,2000,0,1000,1000
2024-11-17 08:09:51,1507,990,2000,0,1000,1000
2024-11-17 08:09:51,1507,990,2000,0,1000,1000
2024-11-17 08:09:51,1507,990,2000,0,1000,1000
2024-11-17 08:09:52,1502,990,2000,0,1000,1000
2024-11-17 08:09:52,1502,990,2000,0,1000,1000
2024-11-17 08:09:52,1502,990,2000,0,1000,1000
2024-11-17 08:09:52,1502,990,2000,0,1000,1000
2024-11-17 08:09:52,1502,990,2000,0,1000,1000
2024-11-17 08:09:52,1500,990,2000,0,1000,1000
2024-11-17 08:09:52,1500,990,2000,0,1000,1000
2024-11-17 08:09:52,1500,990,2000,0,1000,1000
2024-11-17 08:09:52,1500,990,2000,0,1000,1000
2024-11-17 08:09:52,1500,990,2000,0,1000,1000
2024-11-17 08:09:53,1502,990,2000,0,1000,1000
2024-11-17 08:09:53,1502,990,2000,0,1000,1000
2024-11-17 08:09:53,1502,990,2000,0,1000,1000
2024-11-17 08:09:53,1502,990,2000,0,1000,1000
2024-11-17 08:09:53,1502,990,2000,0,1000,1000
2024-11-17 08:09:53,1505,990,2000,0,1000,1000
2024-11-17 08:09:53,1505,990,2000,0,1000,1000
2024-11-17 08:09:53,1505,990,2000,0,1000,1000
2024-11-17 08:09:53,1505,990,2000,0,1000,1000
2024-11-17 08:09:53,1505,990,2000,0,1000,1000
2024-11-17 08:09:54,1505,990,2000,0,1000,1000
2024-11-17 08:09:54,1505,990,2000,0,1000,1000
2024-11-17 08:09:54,1505,990,2000,0,1000,1000
2024-11-17 08:09:54,1505,990,2000,0,1000,1000
2024-11-17 08:09:54,1505,990,2000,0,1000,1000
2024-11-17 08:09:54,1505,990,2000,0,1000,1000
2024-11-17 08:09:54,1505,990,2000,0,1000,1000
2024-11-17 08:09:54,1505,990,2000,0,1000,1000
2024-11-17 08:09:54,1505,990,2000,0,1000,1000
2024-11-17 08:09:54,1505,990,2000,0,1000,1000
2024-11-17 08:09:55,1505,990,2000,0,1000,1000
2024-11-17 08:09:55,1505,990,2000,0,1000,1000
2024-11-17 08:09:55,1505,990,2000,0,1000,1000
2024-11-17 08:09:55,1505,990,2000,0,1000,1000
2024-11-17 08:09:55,1505,990,2000,0,1000,1000
2024-11-17 08:09:55,1505,990,2000,0,1000,1000
2024-11-17 08:09:55,1505,990,2000,0,1000,1000
2024-11-17 08:09:55,1505,990,2000,0,1000,1000
2024-11-17 08:09:55,1505,990,2000,0,1000,1000
2024-11-17 08:09:55,1505,990,2000,0,1000,1000
2024-11-17 08:09:56,1505,990,2000,0,1000,1000
2024-11-17 08:09:56,1505,990,2000,0,1000,1000
2024-11-17 08:09:56,1505,990,2000,0,1000,1000
2024-11-17 08:09:56,1505,990,2000,0,1000,1000
2024-11-17 08:09:56,1505,990,2000,0,1000,1000
2024-11-17 08:09:56,1505,990,2000,0,1000,1000
2024-11-17 08:09:56,1505,990,2000,0,1000,1000
2024-11-17 08:09:56,1505,990,2000,0,1000,1000
2024-11-17 08:09:56,1505,990,2000,0,2000,1000
2024-11-17 08:09:56,1505,990,2000,0,2000,1000
2024-11-17 08:09:57,1505,990,2000,0,2000,1000
2024-11-17 08:09:57,1505,990,2000,0,2000,1000
2024-11-17 08:09:57,1505,990,2000,0,2000,1000
2024-11-17 08:09:57,1505,990,2000,0,2000,1000
2024-11-17 08:09:57,1505,990,2000,0,2000,1000
2024-11-17 08:09:57,1505,990,2000,0,2000,1000
2024-11-17 08:09:57,1505,990,2000,0,2000,1000
2024-11-17 08:09:57,1505,990,2000,0,2000,1000
2024-11-17 08:09:57,1505,990,2000,0,2000,1000
2024-11-17 08:09:57,1505,990,2000,0,2000,1000
2024-11-17 08:09:58,1505,990,2000,0,2000,1000
2024-11-17 08:09:58,1505,1235,2000,0,2000,1000
2024-11-17 08:09:58,1505,1235,2000,0,2000,1000
2024-11-17 08:09:58,1505,1235,2000,0,2000,1000
2024-11-17 08:09:58,1505,1235,2000,0,2000,1000
2024-11-17 08:09:58,1505,1235,2000,0,2000,1000
2024-11-17 08:09:58,1505,1239,2000,0,2000,1000
2024-11-17 08:09:58,1505,1239,2000,0,2000,1000
2024-11-17 08:09:58,1505,1239,2000,0,2000,1000
2024-11-17 08:09:58,1505,1239,2000,0,2000,1000
2024-11-17 08:09:59,1505,1239,2000,0,2000,1000
2024-11-17 08:09:59,1505,1238,2000,0,2000,1000
2024-11-17 08:09:59,1505,1238,2000,0,2000,1000
2024-11-17 08:09:59,1505,1238,2000,0,2000,1000
2024-11-17 08:09:59,1505,1238,2000,0,2000,1000
2024-11-17 08:09:59,1505,1238,2000,0,2000,1000
2024-11-17 08:09:59,1505,1237,2000,0,2000,1000
2024-11-17 08:09:59,1505,1237,2000,0,2000,1000
2024-11-17 08:09:59,1505,1237,2000,0,2000,1000
2024-11-17 08:09:59,1505,1237,2000,0,2000,1000
2024-11-17 08:10:00,1505,1237,2000,0,2000,1000
2024-11-17 08:10:00,1505,1238,2000,0,2000,1000
2024-11-17 08:10:00,1505,1238,2000,0,2000,1000
2024-11-17 08:10:00,1505,1238,2000,0,2000,1000
2024-11-17 08:10:00,1505,1238,2000,0,2000,1000
2024-11-17 08:10:00,1505,1238,2000,0,2000,1000
2024-11-17 08:10:00,1505,1237,2000,0,2000,1000
2024-11-17 08:10:00,1505,1237,2000,0,2000,1000
2024-11-17 08:10:00,1505,1237,2000,0,2000,1000
2024-11-17 08:10:00,1505,1237,2000,0,2000,1000
2024-11-17 08:10:01,1505,1237,2000,0,2000,1000
2024-11-17 08:10:01,1505,1237,2000,0,2000,1000
2024-11-17 08:10:01,1505,1237,2000,0,2000,1000
2024-11-17 08:10:01,1505,1237,2000,0,2000,1000
2024-11-17 08:10:01,1505,1237,2000,0,2000,1000
2024-11-17 08:10:01,1505,1237,2000,0,2000,1000
2024-11-17 08:10:01,1505,1237,2000,0,2000,1000
2024-11-17 08:10:01,1505,1237,2000,0,2000,1000
2024-11-17 08:10:01,1505,1237,2000,0,2000,1000
2024-11-17 08:10:01,1505,1237,2000,0,2000,1000
2024-11-17 08:10:02,1505,1237,2000,0,2000,1000
2024-11-17 08:10:02,1505,1237,2000,0,2000,1000
2024-11-17 08:10:02,1505,1237,2000,0,2000,1000
2024-11-17 08:10:02,1505,1237,2000,0,2000,1000
2024-11-17 08:10:02,1505,1237,2000,0,2000,1000
2024-11-17 08:10:02,1502,1237,2000,0,2000,1000
2024-11-17 08:10:02,1502,1237,2000,0,2000,1000
2024-11-17 08:10:02,1502,1237,2000,0,2000,1000
2024-11-17 08:10:02,1502,1237,2000,0,2000,1000
2024-11-17 08:10:02,1502,1237,2000,0,2000,1000
2024-11-17 08:10:03,1502,1237,2000,0,2000,1000
2024-11-17 08:10:03,1502,1237,2000,0,2000,1000
2024-11-17 08:10:03,1502,1237,2000,0,2000,1000
2024-11-17 08:10:03,1502,1237,2000,0,2000,1000
2024-11-17 08:10:03,1502,1237,2000,0,2000,1000
2024-11-17 08:10:03,1502,1237,2000,0,2000,1000
2024-11-17 08:10:03,1502,1237,2000,0,2000,1000
2024-11-17 08:10:03,1502,1237,2000,0,2000,1000
2024-11-17 08:10:03,1502,1237,2000,0,2000,1000
2024-11-17 08:10:03,1502,1237,2000,0,2000,1000
2024-11-17 08:10:04,1502,1237,2000,0,2000,1000
2024-11-17 08:10:04,1502,1237,2000,0,2000,1000
2024-11-17 08:10:04,1502,1237,2000,0,2000,1000
2024-11-17 08:10:04,1502,1237,2000,0,2000,1000
2024-11-17 08:10:04,1502,1237,2000,0,2000,1000
2024-11-17 08:10:04,1502,1237,2000,0,2000,1000
2024-11-17 08:10:04,1502,1237,2000,0,2000,1000
2024-11-17 08:10:04,1502,1237,2000,0,2000,1000
2024-11-17 08:10:04,1502,1237,2000,0,2000,1000
2024-11-17 08:10:04,1502,1237,2000,0,2000,1000
2024-11-17 08:10:05,1505,1237,2000,0,2000,1000
2024-11-17 08:10:05,1505,1237,2000,0,2000,1000
2024-11-17 08:10:05,1505,1237,2000,0,2000,1000
2024-11-17 08:10:05,1505,1237,2000,0,2000,1000
2024-11-17 08:10:05,1505,1237,2000,0,2000,1000
2024-11-17 08:10:05,1505,1237,2000,0,2000,1000
2024-11-17 08:10:05,1505,1237,2000,0,2000,1000
2024-11-17 08:10:05,1505,1237,2000,0,2000,1000
2024-11-17 08:10:05,1505,1237,2000,0,2000,1000
2024-11-17 08:10:05,1505,1237,2000,0,2000,1000
2024-11-17 08:10:06,1505,1237,2000,0,2000,1000
2024-11-17 08:10:06,1505,1238,2000,0,2000,1000
2024-11-17 08:10:06,1505,1238,2000,0,2000,1000
2024-11-17 08:10:06,1505,1238,2000,0,2000,1000
2024-11-17 08:10:06,1505,1238,2000,0,2000,1000
2024-11-17 08:10:06,1505,1238,2000,0,2000,1000
2024-11-17 08:10:06,1505,1237,2000,0,2000,1000
2024-11-17 08:10:06,1505,1237,2000,0,2000,1000
2024-11-17 08:10:06,1505,1237,2000,0,2000,1000
2024-11-17 08:10:06,1505,1237,2000,0,2000,1000
2024-11-17 08:10:07,1505,1237,2000,0,2000,1000
2024-11-17 08:10:07,1505,1237,2000,0,2000,1000
2024-11-17 08:10:07,1505,1237,2000,0,2000,1000
2024-11-17 08:10:07,1505,1237,2000,0,2000,1000
2024-11-17 08:10:07,1505,1237,2000,0,2000,2000
2024-11-17 08:10:07,1505,1237,2000,0,2000,2000
2024-11-17 08:10:07,1505,1237,2000,0,2000,2000
2024-11-17 08:10:07,1505,1237,2000,0,2000,2000
2024-11-17 08:10:07,1505,1237,2000,0,2000,2000
2024-11-17 08:10:07,1505,1237,2000,0,2000,2000
2024-11-17 08:10:08,1505,1237,2000,0,2000,2000
2024-11-17 08:10:08,1505,1237,2000,0,2000,2000
2024-11-17 08:10:08,1505,1237,2000,0,2000,2000
2024-11-17 08:10:08,1505,1237,2000,0,2000,2000
2024-11-17 08:10:08,1505,1237,2000,0,2000,2000
2024-11-17 08:10:08,1505,1237,2000,0,2000,2000
2024-11-17 08:10:08,1505,1237,2000,0,2000,2000
2024-11-17 08:10:08,1505,1237,2000,0,2000,2000
2024-11-17 08:10:08,1505,1237,2000,0,2000,2000
2024-11-17 08:10:08,1505,1237,2000,0,2000,2000
2024-11-17 08:10:09,1505,1237,2000,0,2000,2000
2024-11-17 08:10:09,1505,1237,2000,0,2000,2000
2024-11-17 08:10:09,1505,1237,2000,0,2000,2000
2024-11-17 08:10:09,1505,1237,2000,0,2000,2000
2024-11-17 08:10:09,1505,1237,2000,0,2000,2000
2024-11-17 08:10:09,1505,1237,2000,0,2000,2000
2024-11-17 08:10:09,1505,1238,2000,0,2000,2000
2024-11-17 08:10:09,1505,1238,2000,0,2000,2000
2024-11-17 08:10:09,1505,1238,2000,0,2000,2000
2024-11-17 08:10:09,1505,1238,2000,0,2000,2000
2024-11-17 08:10:10,1505,1238,2000,0,2000,2000
2024-11-17 08:10:10,1505,1237,2000,0,2000,2000
2024-11-17 08:10:10,1505,1237,2000,0,2000,2000
2024-11-17 08:10:10,1505,1237,2000,0,2000,2000
2024-11-17 08:10:10,1505,1237,2000,0,2000,2000
2024-11-17 08:10:10,1505,1237,2000,0,2000,2000
2024-11-17 08:10:10,1505,1238,2000,0,2000,2000
2024-11-17 08:10:10,1505,1238,2000,0,2000,2000
2024-11-17 08:10:10,1505,1238,2000,0,2000,2000
2024-11-17 08:10:10,1505,1238,2000,0,2000,2000
2024-11-17 08:10:11,1505,1238,2000,0,2000,2000
2024-11-17 08:10:11,1505,1237,2000,0,2000,2000
2024-11-17 08:10:11,1505,1237,2000,0,2000,2000
2024-11-17 08:10:11,1505,1237,2000,0,2000,2000
2024-11-17 08:10:11,1505,1237,2000,0,2000,2000
2024-11-17 08:10:11,1505,1237,2000,0,2000,2000
2024-11-17 08:10:11,1505,1237,2000,0,2000,2000
2024-11-17 08:10:11,1505,1237,2000,0,2000,2000
2024-11-17 08:10:11,1505,1237,2000,0,2000,2000
2024-11-17 08:10:11,1505,1237,2000,0,2000,2000
2024-11-17 08:10:12,1505,1237,2000,0,2000,2000
2024-11-17 08:10:12,1505,1237,2000,0,2000,2000
2024-11-17 08:10:12,1505,1237,2000,0,2000,2000
2024-11-17 08:10:12,1505,1237,2000,0,2000,2000
2024-11-17 08:10:12,1505,1237,2000,0,2000,1000
2024-11-17 08:10:12,1505,1237,2000,0,2000,1000
2024-11-17 08:10:12,1505,1217,2000,0,2000,1000
2024-11-17 08:10:12,1505,1217,2000,0,2000,1000
2024-11-17 08:10:12,1505,1217,2000,0,2000,1000
2024-11-17 08:10:12,1505,1217,2000,0,2000,1000
2024-11-17 08:10:13,1505,1217,2000,0,2000,1000
2024-11-17 08:10:13,1505,990,2000,0,2000,1000
2024-11-17 08:10:13,1505,990,2000,0,2000,1000
2024-11-17 08:10:13,1505,990,2000,0,2000,1000
2024-11-17 08:10:13,1505,990,2000,0,2000,1000
2024-11-17 08:10:13,1505,990,2000,0,2000,1000
2024-11-17 08:10:13,1505,990,2000,0,2000,1000
2024-11-17 08:10:13,1505,990,2000,0,2000,1000
2024-11-17 08:10:13,1505,990,2000,0,1000,1000
2024-11-17 08:10:13,1505,990,2000,0,1000,1000
2024-11-17 08:10:14,1505,990,2000,0,1000,1000
2024-11-17 08:10:14,1505,1261,2000,0,1000,1000
2024-11-17 08:10:14,1505,1261,2000,0,1000,1000
2024-11-17 08:10:14,1505,1261,2000,0,1000,1000
2024-11-17 08:10:14,1505,1261,2000,0,1000,1000
2024-11-17 08:10:14,1505,1261,2000,0,1000,1000
2024-11-17 08:10:14,1505,1646,2000,0,1000,1000
2024-11-17 08:10:14,1505,1646,2000,0,1000,1000
2024-11-17 08:10:14,1505,1646,2000,0,1000,1000
2024-11-17 08:10:14,1505,1646,2000,0,1000,1000
2024-11-17 08:10:15,1505,1646,2000,0,1000,1000
2024-11-17 08:10:15,1505,1758,2000,0,1000,1000
2024-11-17 08:10:15,1505,1758,2000,0,1000,1000
2024-11-17 08:10:15,1505,1758,2000,0,1000,1000
2024-11-17 08:10:15,1505,1758,2000,0,1000,1000
2024-11-17 08:10:15,1505,1758,2000,0,1000,1000
2024-11-17 08:10:15,1505,1771,2000,0,1000,1000
2024-11-17 08:10:15,1505,1771,2000,0,1000,1000
2024-11-17 08:10:15,1505,1771,2000,0,1000,1000
2024-11-17 08:10:15,1505,1771,2000,0,1000,1000
2024-11-17 08:10:16,1505,1771,2000,0,1000,1000
2024-11-17 08:10:16,1505,1773,2000,0,1000,1000
2024-11-17 08:10:16,1505,1773,2000,0,1000,1000
2024-11-17 08:10:16,1505,1773,2000,0,1000,1000
2024-11-17 08:10:16,1505,1773,2000,0,1000,1000
2024-11-17 08:10:16,1505,1773,2000,0,1000,1000
2024-11-17 08:10:16,1505,1774,2000,0,1000,1000
2024-11-17 08:10:16,1505,1774,2000,0,1000,1000
2024-11-17 08:10:16,1505,1774,2000,0,1000,1000
2024-11-17 08:10:16,1505,1774,2000,0,1000,1000
2024-11-17 08:10:17,1505,1774,2000,0,1000,1000
2024-11-17 08:10:17,1505,1776,2000,0,1000,1000
2024-11-17 08:10:17,1505,1776,2000,0,1000,1000
2024-11-17 08:10:17,1505,1776,2000,0,1000,1000
2024-11-17 08:10:17,1505,1776,2000,0,1000,1000
2024-11-17 08:10:17,1504,1776,2000,0,1000,1000
2024-11-17 08:10:17,1504,1777,2000,0,1000,1000
2024-11-17 08:10:17,1504,1777,2000,0,1000,1000
2024-11-17 08:10:17,1504,1777,2000,0,1000,1000
2024-11-17 08:10:17,1504,1777,2000,0,1000,1000
2024-11-17 08:10:18,1504,1777,2000,0,1000,1000
2024-11-17 08:10:18,1504,1777,2000,0,1000,1000
2024-11-17 08:10:18,1504,1777,2000,0,1000,1000
2024-11-17 08:10:18,1504,1777,2000,0,1000,1000
2024-11-17 08:10:18,1504,1777,2000,0,1000,1000
2024-11-17 08:10:18,1504,1777,2000,0,1000,1000
2024-11-17 08:10:18,1504,1306,2000,0,1000,1000
2024-11-17 08:10:18,1504,1306,2000,0,1000,1000
2024-11-17 08:10:18,1504,1306,2000,0,1000,1000
2024-11-17 08:10:18,1504,1306,2000,0,1000,1000
2024-11-17 08:10:19,1504,1306,2000,0,1000,1000
2024-11-17 08:10:19,1504,990,2000,0,1000,1000
2024-11-17 08:10:19,1504,990,2000,0,1000,1000
2024-11-17 08:10:19,1504,990,2000,0,1000,1000
2024-11-17 08:10:19,1504,990,2000,0,1000,1000
2024-11-17 08:10:19,1505,990,2000,0,1000,1000
2024-11-17 08:10:19,1505,990,2000,0,1000,1000
2024-11-17 08:10:19,1505,990,2000,0,1000,1000
2024-11-17 08:10:19,1505,990,2000,0,1000,1000
2024-11-17 08:10:19,1505,990,2000,0,1000,1000
2024-11-17 08:10:20,1505,990,2000,0,1000,1000
2024-11-17 08:10:20,1505,990,2000,0,1000,1000
2024-11-17 08:10:20,1505,990,2000,0,1000,1000
2024-11-17 08:10:20,1505,990,2000,0,1000,1000
2024-11-17 08:10:20,1505,990,2000,0,1000,1000
2024-11-17 08:10:20,1505,990,2000,0,1000,1000
2024-11-17 08:10:20,1505,990,2000,0,1000,1000
2024-11-17 08:10:20,1505,990,2000,0,1000,1000
2024-11-17 08:10:20,1505,990,2000,0,1000,1000
2024-11-17 08:10:20,1505,990,2000,0,1000,1000
2024-11-17 08:10:21,1505,990,2000,0,1000,1000
2024-11-17 08:10:21,1505,990,2000,0,1000,1000
2024-11-17 08:10:21,1505,990,2000,0,1000,1000
2024-11-17 08:10:21,1505,990,2000,0,1000,1000
2024-11-17 08:10:21,1505,990,2000,0,1000,1000
2024-11-17 08:10:21,1505,990,2000,0,1000,1000
2024-11-17 08:10:21,1505,990,2000,0,1000,1000
2024-11-17 08:10:21,1505,990,2000,0,1000,1000
2024-11-17 08:10:21,1505,990,2000,0,2000,1000
2024-11-17 08:10:21,1505,990,2000,0,2000,1000
2024-11-17 08:10:22,1505,990,2000,0,2000,1000
2024-11-17 08:10:22,1505,990,2000,0,2000,1000
2024-11-17 08:10:22,1505,990,2000,0,2000,1000
2024-11-17 08:10:22,1505,990,2000,0,2000,1000
2024-11-17 08:10:22,1505,990,2000,0,2000,1000
2024-11-17 08:10:22,1505,990,2000,0,2000,1000
2024-11-17 08:10:22,1505,990,2000,0,2000,1000
2024-11-17 08:10:22,1505,990,2000,0,2000,1000
2024-11-17 08:10:22,1505,990,2000,0,2000,1000
2024-11-17 08:10:22,1505,990,2000,0,2000,1000
2024-11-17 08:10:23,1505,990,2000,0,2000,1000
2024-11-17 08:10:23,1505,990,2000,0,2000,1000
2024-11-17 08:10:23,1505,990,2000,0,2000,1000
2024-11-17 08:10:23,1505,990,2000,0,2000,1000
2024-11-17 08:10:23,1505,990,2000,0,2000,1000
2024-11-17 08:10:23,1509,990,2000,0,2000,1000
2024-11-17 08:10:23,1509,990,2000,0,2000,1000
2024-11-17 08:10:23,1509,990,2000,0,2000,1000
2024-11-17 08:10:23,1509,990,2000,0,2000,1000
2024-11-17 08:10:23,1509,990,2000,0,2000,1000
2024-11-17 08:10:24,1512,990,2000,0,2000,1000
2024-11-17 08:10:24,1512,990,2000,0,2000,1000
2024-11-17 08:10:24,1512,990,2000,0,2000,1000
2024-11-17 08:10:24,1512,990,2000,0,2000,1000
2024-11-17 08:10:24,1512,990,2000,0,2000,1000
2024-11-17 08:10:24,1515,990,2000,0,2000,1000
2024-11-17 08:10:24,1515,990,2000,0,2000,1000
2024-11-17 08:10:24,1515,990,2000,0,2000,1000
2024-11-17 08:10:24,1515,990,2000,0,2000,1000
2024-11-17 08:10:24,1515,990,2000,0,2000,1000
2024-11-17 08:10:25,1515,990,2000,0,2000,1000
2024-11-17 08:10:25,1515,996,2000,0,2000,1000
2024-11-17 08:10:25,1515,996,2000,0,2000,1000
2024-11-17 08:10:25,1515,996,2000,0,2000,1000
2024-11-17 08:10:25,1515,996,2000,0,2000,1000
2024-11-17 08:10:25,1515,996,2000,0,2000,1000
2024-11-17 08:10:25,1515,1465,2000,0,2000,1000
2024-11-17 08:10:25,1515,1465,2000,0,2000,1000
2024-11-17 08:10:25,1515,1465,2000,0,2000,1000
2024-11-17 08:10:25,1515,1465,2000,0,2000,1000
2024-11-17 08:10:26,1515,1465,2000,0,2000,1000
2024-11-17 08:10:26,1515,1817,2000,0,2000,1000
2024-11-17 08:10:26,1515,1817,2000,0,2000,1000
2024-11-17 08:10:26,1515,1817,2000,0,2000,1000
2024-11-17 08:10:26,1515,1817,2000,0,2000,1000
2024-11-17 08:10:26,1515,1817,2000,0,2000,1000
2024-11-17 08:10:26,1515,1872,2000,0,2000,1000
2024-11-17 08:10:26,1515,1872,2000,0,2000,1000
2024-11-17 08:10:26,1515,1872,2000,0,2000,1000
2024-11-17 08:10:26,1515,1872,2000,0,2000,1000
2024-11-17 08:10:27,1515,1872,2000,0,2000,1000
2024-11-17 08:10:27,1515,1871,2000,0,2000,1000
2024-11-17 08:10:27,1515,1871,2000,0,2000,1000
2024-11-17 08:10:27,1515,1871,2000,0,2000,1000
2024-11-17 08:10:27,1515,1871,2000,0,2000,1000
2024-11-17 08:10:27,1514,1871,2000,0,2000,1000
2024-11-17 08:10:27,1514,1871,2000,0,2000,1000
2024-11-17 08:10:27,1514,1871,2000,0,2000,1000
2024-11-17 08:10:27,1514,1871,2000,0,2000,1000
2024-11-17 08:10:27,1514,1871,2000,0,2000,1000
2024-11-17 08:10:28,1515,1871,2000,0,2000,1000
2024-11-17 08:10:28,1515,1871,2000,0,2000,1000
2024-11-17 08:10:28,1515,1871,2000,0,2000,1000
2024-11-17 08:10:28,1515,1871,2000,0,2000,1000
2024-11-17 08:10:28,1515,1871,2000,0,2000,1000
2024-11-17 08:10:28,1515,1871,2000,0,2000,1000
2024-11-17 08:10:28,1515,1871,2000,0,2000,1000
2024-11-17 08:10:28,1515,1871,2000,0,2000,1000
2024-11-17 08:10:28,1515,1871,2000,0,2000,1000
2024-11-17 08:10:28,1515,1871,2000,0,2000,1000
2024-11-17 08:10:29,1515,1871,2000,0,2000,1000
2024-11-17 08:10:29,1515,1872,2000,0,2000,1000
2024-11-17 08:10:29,1515,1872,2000,0,2000,1000
2024-11-17 08:10:29,1515,1872,2000,0,2000,1000
2024-11-17 08:10:29,1515,1872,2000,0,2000,1000
2024-11-17 08:10:29,1515,1872,2000,0,2000,1000
2024-11-17 08:10:29,1515,1871,2000,0,2000,1000
2024-11-17 08:10:29,1515,1871,2000,0,2000,1000
2024-11-17 08:10:29,1515,1871,2000,0,2000,1000
2024-11-17 08:10:29,1515,1871,2000,0,2000,1000
2024-11-17 08:10:30,1515,1871,2000,0,2000,1000
2024-11-17 08:10:30,1515,990,2000,0,2000,1000
2024-11-17 08:10:30,1515,990,2000,0,2000,1000
2024-11-17 08:10:30,1515,990,2000,0,2000,1000
2024-11-17 08:10:30,1515,990,2000,0,2000,1000
2024-11-17 08:10:30,1517,990,2000,0,2000,1000
2024-11-17 08:10:30,1517,990,2000,0,2000,1000
2024-11-17 08:10:30,1517,990,2000,0,2000,1000
2024-11-17 08:10:30,1517,990,2000,0,2000,1000
2024-11-17 08:10:30,1517,990,2000,0,2000,1000
2024-11-17 08:10:31,1519,990,2000,0,2000,1000
2024-11-17 08:10:31,1519,990,2000,0,2000,1000
2024-11-17 08:10:31,1519,990,2000,0,2000,1000
2024-11-17 08:10:31,1519,990,2000,0,2000,1000
2024-11-17 08:10:31,1519,990,2000,0,2000,1000
2024-11-17 08:10:31,1519,990,2000,0,2000,1000
2024-11-17 08:10:31,1519,990,2000,0,2000,1000
2024-11-17 08:10:31,1519,990,2000,0,2000,1000
2024-11-17 08:10:31,1519,990,2000,0,2000,1000
2024-11-17 08:10:31,1519,990,2000,0,2000,1000
2024-11-17 08:10:32,1519,990,2000,0,2000,1000
2024-11-17 08:10:32,1519,990,2000,0,2000,1000
2024-11-17 08:10:32,1519,990,2000,0,2000,1000
2024-11-17 08:10:32,1519,990,2000,0,2000,1000
2024-11-17 08:10:32,1519,990,2000,0,2000,1000
2024-11-17 08:10:32,1519,990,2000,0,2000,1000
2024-11-17 08:10:32,1519,1743,2000,0,2000,1000
2024-11-17 08:10:32,1519,1743,2000,0,2000,1000
2024-11-17 08:10:32,1519,1743,2000,0,1000,1000
2024-11-17 08:10:32,1519,1743,2000,0,1000,1000
2024-11-17 08:10:33,1473,1743,2000,0,1000,1000
2024-11-17 08:10:33,1473,1738,2000,0,1000,1000
2024-11-17 08:10:33,1473,1738,2000,0,1000,1000
2024-11-17 08:10:33,1473,1738,2000,0,1000,1000
2024-11-17 08:10:33,1473,1738,2000,0,1000,1000
2024-11-17 08:10:33,1485,1738,2000,0,1000,1000
2024-11-17 08:10:33,1485,1753,2000,0,1000,1000
2024-11-17 08:10:33,1485,1753,2000,0,1000,1000
2024-11-17 08:10:33,1485,1753,2000,0,1000,1000
2024-11-17 08:10:33,1485,1753,2000,0,1000,1000
2024-11-17 08:10:34,1484,1753,2000,0,1000,1000
2024-11-17 08:10:34,1484,1799,2000,0,1000,1000
2024-11-17 08:10:34,1484,1799,2000,0,1000,1000
2024-11-17 08:10:34,1484,1799,2000,0,1000,1000
2024-11-17 08:10:34,1484,1799,2000,0,1000,1000
2024-11-17 08:10:34,1519,1799,2000,0,1000,1000
2024-11-17 08:10:34,1519,1803,2000,0,1000,1000
2024-11-17 08:10:34,1519,1803,2000,0,1000,1000
2024-11-17 08:10:34,1519,1803,2000,0,1000,1000
2024-11-17 08:10:34,1519,1803,2000,0,1000,1000
2024-11-17 08:10:35,1537,1803,2000,0,1000,1000
2024-11-17 08:10:35,1537,1809,2000,0,1000,1000
2024-11-17 08:10:35,1537,1809,2000,0,1000,1000
2024-11-17 08:10:35,1537,1809,2000,0,1000,1000
2024-11-17 08:10:35,1537,1809,2000,0,1000,1000
2024-11-17 08:10:35,1525,1809,2000,0,1000,1000
2024-11-17 08:10:35,1525,1811,2000,0,1000,1000
2024-11-17 08:10:35,1525,1811,2000,0,1000,1000
2024-11-17 08:10:35,1525,1811,2000,0,1000,1000
2024-11-17 08:10:35,1525,1811,2000,0,1000,1000
2024-11-17 08:10:36,1454,1811,2000,0,1000,1000
2024-11-17 08:10:36,1454,1812,2000,0,1000,1000
2024-11-17 08:10:36,1454,1812,2000,0,1000,1000
2024-11-17 08:10:36,1454,1812,2000,0,1000,1000
2024-11-17 08:10:36,1454,1812,2000,0,1000,1000
2024-11-17 08:10:36,1469,1812,2000,0,1000,1000
2024-11-17 08:10:36,1469,1813,2000,0,1000,1000
2024-11-17 08:10:36,1469,1813,2000,0,1000,1000
2024-11-17 08:10:36,1469,1813,2000,0,1000,1000
2024-11-17 08:10:36,1469,1813,2000,0,1000,1000
2024-11-17 08:10:37,1515,1813,2000,0,1000,1000
2024-11-17 08:10:37,1515,1423,2000,0,1000,1000
2024-11-17 08:10:37,1515,1423,2000,0,1000,1000
2024-11-17 08:10:37,1515,1423,2000,0,1000,1000
2024-11-17 08:10:37,1515,1423,2000,0,1000,1000
2024-11-17 08:10:37,1518,1423,2000,0,1000,1000
2024-11-17 08:10:37,1518,990,2000,0,1000,1000
2024-11-17 08:10:37,1518,990,2000,0,1000,1000
2024-11-17 08:10:37,1518,990,2000,0,1000,1000
2024-11-17 08:10:37,1518,990,2000,0,1000,1000
2024-11-17 08:10:38,1519,990,2000,0,1000,1000
2024-11-17 08:10:38,1519,990,2000,0,1000,1000
2024-11-17 08:10:38,1519,990,2000,0,1000,1000
2024-11-17 08:10:38,1519,990,2000,0,2000,1000
2024-11-17 08:10:38,1519,990,2000,0,2000,1000
2024-11-17 08:10:38,1519,990,2000,0,2000,1000
2024-11-17 08:10:38,1519,990,2000,0,2000,1000
2024-11-17 08:10:38,1519,990,2000,0,2000,1000
2024-11-17 08:10:38,1519,990,2000,0,2000,1000
2024-11-17 08:10:38,1519,990,2000,0,2000,1000
2024-11-17 08:10:39,1519,990,2000,0,2000,1000
2024-11-17 08:10:39,1519,990,2000,0,2000,1000
2024-11-17 08:10:39,1519,990,2000,0,2000,1000
2024-11-17 08:10:39,1519,990,2000,0,2000,1000
2024-11-17 08:10:39,1519,990,2000,0,2000,1000
2024-11-17 08:10:39,1518,990,2000,0,2000,1000
2024-11-17 08:10:39,1518,1718,2000,0,2000,1000
2024-11-17 08:10:39,1518,1718,2000,0,2000,1000
2024-11-17 08:10:39,1518,1718,2000,0,2000,1000
2024-11-17 08:10:39,1518,1718,2000,0,2000,1000
2024-11-17 08:10:40,1519,1718,2000,0,2000,1000
2024-11-17 08:10:40,1519,1725,2000,0,2000,1000
2024-11-17 08:10:40,1519,1725,2000,0,2000,1000
2024-11-17 08:10:40,1519,1725,2000,0,2000,1000
2024-11-17 08:10:40,1519,1725,2000,0,2000,1000
2024-11-17 08:10:40,1519,1725,2000,0,2000,1000
2024-11-17 08:10:40,1519,1771,2000,0,2000,1000
2024-11-17 08:10:40,1519,1771,2000,0,2000,1000
2024-11-17 08:10:40,1519,1771,2000,0,2000,1000
2024-11-17 08:10:40,1519,1771,2000,0,2000,1000
2024-11-17 08:10:41,1519,1771,2000,0,2000,1000
2024-11-17 08:10:41,1519,1789,2000,0,2000,1000
2024-11-17 08:10:41,1519,1789,2000,0,2000,1000
2024-11-17 08:10:41,1519,1789,2000,0,2000,1000
2024-11-17 08:10:41,1519,1789,2000,0,2000,1000
2024-11-17 08:10:41,1519,1789,2000,0,2000,1000
2024-11-17 08:10:41,1519,1789,2000,0,2000,1000
2024-11-17 08:10:41,1519,1789,2000,0,2000,1000
2024-11-17 08:10:41,1519,1789,2000,0,2000,1000
2024-11-17 08:10:41,1519,1789,2000,0,2000,1000
2024-11-17 08:10:42,1518,1789,2000,0,2000,1000
2024-11-17 08:10:42,1518,1789,2000,0,2000,1000
2024-11-17 08:10:42,1518,1789,2000,0,2000,1000
2024-11-17 08:10:42,1518,1789,2000,0,2000,1000
2024-11-17 08:10:42,1518,1789,2000,0,2000,1000
2024-11-17 08:10:42,1518,1789,2000,0,2000,1000
2024-11-17 08:10:42,1518,1789,2000,0,2000,1000
2024-11-17 08:10:42,1518,1789,2000,0,2000,1000
2024-11-17 08:10:42,1518,1789,2000,0,2000,1000
2024-11-17 08:10:42,1518,1789,2000,0,2000,1000
2024-11-17 08:10:43,1518,1789,2000,0,2000,1000
2024-11-17 08:10:43,1518,1789,2000,0,2000,1000
2024-11-17 08:10:43,1518,1789,2000,0,2000,1000
2024-11-17 08:10:43,1518,1789,2000,0,2000,1000
2024-11-17 08:10:43,1518,1789,2000,0,2000,1000
2024-11-17 08:10:43,1518,1789,2000,0,2000,1000
2024-11-17 08:10:43,1518,1789,2000,0,2000,1000
2024-11-17 08:10:43,1518,1789,2000,0,2000,1000
2024-11-17 08:10:43,1518,1789,2000,0,2000,1000
2024-11-17 08:10:43,1518,1789,2000,0,2000,1000
2024-11-17 08:10:44,1518,1789,2000,0,2000,1000
2024-11-17 08:10:44,1518,1789,2000,0,2000,1000
2024-11-17 08:10:44,1518,1789,2000,0,2000,1000
2024-11-17 08:10:44,1518,1789,2000,0,2000,1000
2024-11-17 08:10:44,1518,1789,2000,0,2000,1000
2024-11-17 08:10:44,1519,1789,2000,0,2000,1000
2024-11-17 08:10:44,1519,1747,2000,0,2000,1000
2024-11-17 08:10:44,1519,1747,2000,0,2000,1000
2024-11-17 08:10:44,1519,1747,2000,0,2000,1000
2024-11-17 08:10:44,1519,1747,2000,0,2000,1000
2024-11-17 08:10:45,1519,1747,2000,0,2000,1000
2024-11-17 08:10:45,1519,990,2000,0,2000,1000
2024-11-17 08:10:45,1519,990,2000,0,2000,1000
2024-11-17 08:10:45,1519,990,2000,0,2000,1000
2024-11-17 08:10:45,1519,990,2000,0,2000,1000
2024-11-17 08:10:45,1519,990,2000,0,2000,1000
2024-11-17 08:10:45,1519,990,2000,0,2000,1000
2024-11-17 08:10:45,1519,990,2000,0,2000,1000
2024-11-17 08:10:45,1519,990,2000,0,2000,1000
2024-11-17 08:10:45,1519,990,2000,0,2000,1000
2024-11-17 08:10:46,1519,990,2000,0,2000,1000
2024-11-17 08:10:46,1519,990,2000,0,2000,1000
2024-11-17 08:10:46,1519,990,2000,0,2000,1000
2024-11-17 08:10:46,1519,990,2000,0,1503,1000
2024-11-17 08:10:46,1519,990,2000,0,1503,1000
2024-11-17 08:10:46,1519,990,2000,0,1503,1000
2024-11-17 08:10:46,1519,990,2000,0,1503,1000
2024-11-17 08:10:46,1519,990,2000,0,1503,1000
2024-11-17 08:10:46,1519,990,2000,0,1000,1000
2024-11-17 08:10:46,1519,990,2000,0,1000,1000
2024-11-17 08:10:47,1519,990,2000,0,1000,1000
2024-11-17 08:10:47,1519,1907,2000,0,1000,1000
2024-11-17 08:10:47,1519,1907,2000,0,1000,1000
2024-11-17 08:10:47,1519,1907,2000,0,1000,1000
2024-11-17 08:10:47,1519,1907,2000,0,1000,1000
2024-11-17 08:10:47,1473,1907,2000,0,1000,1000
2024-11-17 08:10:47,1473,1907,2000,0,1000,1000
2024-11-17 08:10:47,1473,1907,2000,0,1000,1000
2024-11-17 08:10:47,1473,1907,2000,0,1000,1000
2024-11-17 08:10:47,1473,1907,2000,0,1000,1000
2024-11-17 08:10:48,1418,1907,2000,0,1000,1000
2024-11-17 08:10:48,1418,1920,2000,0,1000,1000
2024-11-17 08:10:48,1418,1920,2000,0,1000,1000
2024-11-17 08:10:48,1418,1920,2000,0,1000,1000
2024-11-17 08:10:48,1418,1920,2000,0,1000,1000
2024-11-17 08:10:48,1518,1920,2000,0,1000,1000
2024-11-17 08:10:48,1518,1930,2000,0,1000,1000
2024-11-17 08:10:48,1518,1930,2000,0,1000,1000
2024-11-17 08:10:48,1518,1930,2000,0,1000,1000
2024-11-17 08:10:48,1518,1930,2000,0,1000,1000
2024-11-17 08:10:49,1517,1930,2000,0,1000,1000
2024-11-17 08:10:49,1517,1932,2000,0,1000,1000
2024-11-17 08:10:49,1517,1932,2000,0,1000,1000
2024-11-17 08:10:49,1517,1932,2000,0,1000,1000
2024-11-17 08:10:49,1517,1932,2000,0,1000,1000
2024-11-17 08:10:49,1502,1932,2000,0,1000,1000
2024-11-17 08:10:49,1502,1932,2000,0,1000,1000
2024-11-17 08:10:49,1502,1932,2000,0,1000,1000
2024-11-17 08:10:49,1502,1932,2000,0,1000,1000
2024-11-17 08:10:49,1502,1932,2000,0,1000,1000
2024-11-17 08:10:50,1552,1932,2000,0,1000,1000
2024-11-17 08:10:50,1552,1932,2000,0,1000,1000
2024-11-17 08:10:50,1552,1932,2000,0,1000,1000
2024-11-17 08:10:50,1552,1932,2000,0,1000,1000
2024-11-17 08:10:50,1552,1932,2000,0,1000,1000
2024-11-17 08:10:50,1489,1932,2000,0,1000,1000
2024-11-17 08:10:50,1489,1932,2000,0,1000,1000
2024-11-17 08:10:50,1489,1932,2000,0,1000,1000
2024-11-17 08:10:50,1489,1932,2000,0,1000,1000
2024-11-17 08:10:50,1489,1932,2000,0,1000,1000
2024-11-17 08:10:51,1517,1932,2000,0,1000,1000
2024-11-17 08:10:51,1517,1397,2000,0,1000,1000
2024-11-17 08:10:51,1517,1397,2000,0,1000,1000
2024-11-17 08:10:51,1517,1397,2000,0,1000,1000
2024-11-17 08:10:51,1517,1397,2000,0,1000,1000
2024-11-17 08:10:51,1518,1397,2000,0,1000,1000
2024-11-17 08:10:51,1518,990,2000,0,1000,1000
2024-11-17 08:10:51,1518,990,2000,0,1000,1000
2024-11-17 08:10:51,1518,990,2000,0,1000,1000
2024-11-17 08:10:51,1518,990,2000,0,1000,1000
2024-11-17 08:10:52,1519,990,2000,0,1000,1000
2024-11-17 08:10:52,1519,990,2000,0,1000,1000
2024-11-17 08:10:52,1519,990,2000,0,1000,1000
2024-11-17 08:10:52,1519,990,2000,0,1000,1000
2024-11-17 08:10:52,1519,990,2000,0,1000,1000
2024-11-17 08:10:52,1519,990,2000,0,1000,1000
2024-11-17 08:10:52,1519,990,2000,0,1000,1000
2024-11-17 08:10:52,1519,990,2000,0,1000,1000
2024-11-17 08:10:52,1519,990,2000,0,1000,1000
2024-11-17 08:10:52,1519,990,2000,0,1000,1000
2024-11-17 08:10:53,1519,990,2000,0,1000,1000
2024-11-17 08:10:53,1519,990,2000,0,1000,1000
2024-11-17 08:10:53,1519,990,2000,0,1000,1000
2024-11-17 08:10:53,1519,990,2000,0,2000,1000
2024-11-17 08:10:53,1519,990,2000,0,2000,1000
2024-11-17 08:10:53,1519,990,2000,0,2000,1000
2024-11-17 08:10:53,1519,990,2000,0,2000,1000
2024-11-17 08:10:53,1519,990,2000,0,2000,1000
2024-11-17 08:10:53,1519,990,2000,0,2000,1000
2024-11-17 08:10:53,1519,990,2000,0,2000,1000
2024-11-17 08:10:54,1519,990,2000,0,2000,1000
2024-11-17 08:10:54,1519,1127,2000,0,2000,1000
2024-11-17 08:10:54,1519,1127,2000,0,2000,1000
2024-11-17 08:10:54,1519,1127,2000,0,2000,1000
2024-11-17 08:10:54,1519,1127,2000,0,2000,1000
2024-11-17 08:10:54,1519,1127,2000,0,2000,1000
2024-11-17 08:10:55,1519,1789,2000,0,2000,1000
2024-11-17 08:10:55,1519,1789,2000,0,2000,1000
2024-11-17 08:10:55,1519,1789,2000,0,2000,1000
2024-11-17 08:10:55,1519,1789,2000,0,2000,1000
2024-11-17 08:10:55,1519,1789,2000,0,2000,1000
2024-11-17 08:10:55,1519,1897,2000,0,2000,1000
2024-11-17 08:10:55,1519,1897,2000,0,2000,1000
2024-11-17 08:10:55,1519,1897,2000,0,2000,1000
2024-11-17 08:10:55,1519,1897,2000,0,2000,1000
2024-11-17 08:10:55,1519,1897,2000,0,2000,1000
2024-11-17 08:10:55,1519,1897,2000,0,2000,1000
2024-11-17 08:10:55,1519,1897,2000,0,2000,1000
2024-11-17 08:10:55,1519,1897,2000,0,2000,1000
2024-11-17 08:10:55,1519,1897,2000,0,2000,1000
2024-11-17 08:10:56,1519,1897,2000,0,2000,1000
2024-11-17 08:10:56,1519,1897,2000,0,2000,1000
2024-11-17 08:10:56,1519,1897,2000,0,2000,1000
2024-11-17 08:10:56,1519,1897,2000,0,2000,1000
2024-11-17 08:10:56,1519,1897,2000,0,2000,1000
2024-11-17 08:10:56,1519,1897,2000,0,2000,1000
2024-11-17 08:10:56,1519,1897,2000,0,2000,1000
2024-11-17 08:10:56,1519,1897,2000,0,2000,1000
2024-11-17 08:10:56,1519,1897,2000,0,2000,1000
2024-11-17 08:10:56,1519,1897,2000,0,2000,2000
2024-11-17 08:10:57,1519,1897,2000,0,2000,2000
2024-11-17 08:10:57,1519,1897,2000,0,2000,2000
2024-11-17 08:10:57,1519,1897,2000,0,2000,2000
2024-11-17 08:10:57,1519,1897,2000,0,2000,2000
2024-11-17 08:10:57,1519,1897,2000,0,2000,2000
2024-11-17 08:10:57,1519,1897,2000,0,2000,2000
2024-11-17 08:10:57,1519,1897,2000,0,2000,2000
2024-11-17 08:10:57,1519,1897,2000,0,2000,2000
2024-11-17 08:10:57,1519,1897,2000,0,2000,2000
2024-11-17 08:10:57,1519,1897,2000,0,2000,2000
2024-11-17 08:10:58,1519,1897,2000,0,2000,2000
2024-11-17 08:10:58,1519,1897,2000,0,2000,2000
2024-11-17 08:10:58,1519,1897,2000,0,2000,2000
2024-11-17 08:10:58,1519,1897,2000,0,2000,2000
2024-11-17 08:10:58,1519,1897,2000,0,2000,2000
2024-11-17 08:10:59,1519,1897,2000,0,2000,2000
2024-11-17 08:10:59,1519,990,2000,0,2000,2000
2024-11-17 08:10:59,1519,990,2000,0,2000,2000
2024-11-17 08:10:59,1519,990,2000,0,2000,2000
2024-11-17 08:10:59,1519,990,2000,0,2000,1000
2024-11-17 08:10:59,1519,990,2000,0,2000,1000
2024-11-17 08:10:59,1519,990,2000,0,2000,1000
2024-11-17 08:10:59,1519,990,2000,0,2000,1000
2024-11-17 08:10:59,1519,990,2000,0,2000,1000
2024-11-17 08:10:59,1519,990,2000,0,2000,1000
2024-11-17 08:11:00,1519,990,2000,0,2000,1000
2024-11-17 08:11:00,1519,990,2000,0,2000,1000
2024-11-17 08:11:00,1519,990,2000,0,2000,1000
2024-11-17 08:11:00,1519,990,2000,0,2000,1000
2024-11-17 08:11:00,1519,990,2000,0,2000,1000
2024-11-17 08:11:00,1519,990,2000,0,2000,1000
2024-11-17 08:11:00,1519,990,2000,0,2000,1000
2024-11-17 08:11:00,1519,990,2000,0,2000,1000
2024-11-17 08:11:00,1519,990,2000,0,1000,1000
2024-11-17 08:11:00,1519,990,2000,0,1000,1000
2024-11-17 08:11:01,1519,990,2000,0,1000,1000
2024-11-17 08:11:01,1519,990,2000,0,1000,1000
2024-11-17 08:11:01,1519,990,2000,0,1000,1000
2024-11-17 08:11:01,1519,990,2000,0,1000,1000
2024-11-17 08:11:01,1519,990,2000,0,1000,1000
2024-11-17 08:11:01,1519,990,2000,0,1000,1000
2024-11-17 08:11:01,1519,990,2000,0,1000,1000
2024-11-17 08:11:01,1519,990,2000,0,1000,1000
2024-11-17 08:11:01,1519,990,2000,0,1000,1000
2024-11-17 08:11:01,1519,990,2000,0,1000,1000
2024-11-17 08:11:02,1519,990,2000,0,1000,1000
2024-11-17 08:11:02,1519,990,2000,0,1000,1000
2024-11-17 08:11:02,1519,990,2000,0,1000,1000
2024-11-17 08:11:02,1519,990,2000,0,1000,1000
2024-11-17 08:11:02,1519,990,2000,0,1000,1000
2024-11-17 08:11:02,1519,990,2000,0,1000,1000
2024-11-17 08:11:02,1519,990,2000,0,1000,1000
2024-11-17 08:11:02,1519,990,2000,0,1000,1000
2024-11-17 08:11:02,1519,990,2000,0,1000,1000
2024-11-17 08:11:02,1519,990,2000,0,1000,1000
2024-11-17 08:11:03,1519,990,2000,0,1000,1000
2024-11-17 08:11:03,1519,990,2000,0,1000,1000
2024-11-17 08:11:03,1519,990,2000,0,1000,1000
2024-11-17 08:11:03,1519,990,2000,0,1000,1000
2024-11-17 08:11:03,1519,990,2000,0,1000,1000
2024-11-17 08:11:03,1519,990,2000,0,1000,1000
2024-11-17 08:11:03,1519,990,2000,0,1000,1000
2024-11-17 08:11:03,1519,990,1000,0,1000,1000
2024-11-17 08:11:03,1519,990,1000,0,1000,1000
2024-11-17 08:11:03,1519,990,1000,0,1000,1000
2024-11-17 08:11:04,1519,990,1000,0,1000,1000
2024-11-17 08:11:04,1519,990,1000,0,1000,1000
2024-11-17 08:11:04,1519,990,1000,0,1000,1000
2024-11-17 08:11:04,1519,990,1000,0,1000,1000
2024-11-17 08:11:04,1519,990,1000,0,1000,1000
2024-11-17 08:11:04,1519,990,1000,0,1000,1000
2024-11-17 08:11:04,1519,990,1000,0,1000,1000
2024-11-17 08:11:04,1519,990,1000,0,1000,1000
2024-11-17 08:11:04,1519,990,1000,0,1000,1000
2024-11-17 08:11:04,1519,990,1000,0,1000,1000
2024-11-17 08:11:05,1519,990,1000,0,1000,1000
2024-11-17 08:11:05,1519,990,1000,0,1000,1000
2024-11-17 08:11:05,1519,990,1000,0,1000,1000
2024-11-17 08:11:05,1519,990,1000,0,1000,1000
2024-11-17 08:11:05,1519,990,1000,0,1000,1000
2024-11-17 08:11:05,1518,990,1000,0,1000,1000
2024-11-17 08:11:05,1518,990,1000,0,1000,1000
2024-11-17 08:11:05,1518,990,1000,0,1000,1000
2024-11-17 08:11:05,1518,990,1000,0,1000,1000
2024-11-17 08:11:05,1518,990,1000,0,1000,1000
2024-11-17 08:11:06,1518,990,1000,0,1000,1000
2024-11-17 08:11:06,1518,990,1000,0,1000,1000
2024-11-17 08:11:06,1518,990,1000,0,1000,1000
2024-11-17 08:11:06,1518,990,1000,0,1000,1000
2024-11-17 08:11:06,1518,990,1000,0,1000,1000
2024-11-17 08:11:06,1518,990,1000,0,1000,1000
2024-11-17 08:11:06,1518,990,1000,0,1000,1000
2024-11-17 08:11:06,1518,990,1000,0,1000,1000
2024-11-17 08:11:06,1518,990,1000,0,1000,1000
2024-11-17 08:11:06,1518,990,1000,0,1000,1000
2024-11-17 08:11:07,1519,990,1000,0,1000,1000
2024-11-17 08:11:07,1519,990,1000,0,1000,1000
2024-11-17 08:11:07,1519,990,1000,0,1000,1000
2024-11-17 08:11:07,1519,990,1000,0,1000,1000
2024-11-17 08:11:07,1519,990,1000,0,1000,1000
2024-11-17 08:11:07,1519,990,1000,0,1000,1000
2024-11-17 08:11:07,1519,990,1000,0,1000,1000
2024-11-17 08:11:07,1519,990,1000,0,1000,1000
2024-11-17 08:11:07,1519,990,1000,0,1000,1000
2024-11-17 08:11:07,1519,990,1000,0,1000,1000
